time,epoch,iteration,gpu_core_utilization,gpu_memory_utilization
0.00043582916259765625,5.0,0.0,0.0,0.0
0.0002014636993408203,5.0,1.0,56.0,23.0
0.00013327598571777344,5.0,2.0,97.0,41.0
0.00014853477478027344,5.0,3.0,97.0,41.0
0.00014257431030273438,5.0,4.0,91.0,38.0
0.0001766681671142578,5.0,5.0,91.0,38.0
0.00013780593872070312,5.0,6.0,94.0,39.0
0.00013828277587890625,5.0,7.0,94.0,39.0
0.00013327598571777344,5.0,8.0,88.0,36.0
0.00012731552124023438,5.0,9.0,97.0,41.0
0.00013494491577148438,5.0,10.0,97.0,41.0
0.0001308917999267578,5.0,11.0,80.0,33.0
0.0001347064971923828,5.0,12.0,80.0,33.0
0.0001552104949951172,5.0,13.0,95.0,39.0
0.00013327598571777344,5.0,14.0,95.0,39.0
0.0007734298706054688,5.0,15.0,97.0,40.0
0.000152587890625,5.0,16.0,95.0,40.0
0.0002014636993408203,5.0,17.0,95.0,40.0
0.00012731552124023438,5.0,18.0,89.0,37.0
0.00012946128845214844,5.0,19.0,89.0,37.0
0.00013399124145507812,5.0,20.0,88.0,37.0
0.00013327598571777344,5.0,21.0,97.0,41.0
0.00012636184692382812,5.0,22.0,97.0,41.0
0.00013065338134765625,5.0,23.0,80.0,33.0
0.00013589859008789062,5.0,24.0,80.0,33.0
0.00018405914306640625,5.0,25.0,94.0,40.0
0.0001399517059326172,5.0,26.0,40.0,16.0
0.00015306472778320312,5.0,27.0,53.0,22.0
0.00012350082397460938,5.0,28.0,97.0,41.0
0.00014257431030273438,5.0,29.0,97.0,41.0
0.00013303756713867188,5.0,30.0,74.0,31.0
0.00012111663818359375,5.0,31.0,93.0,39.0
0.00013375282287597656,5.0,32.0,93.0,39.0
0.0025081634521484375,5.0,33.0,91.0,39.0
0.00018024444580078125,5.0,34.0,91.0,39.0
0.002936124801635742,5.0,35.0,84.0,35.0
0.00014019012451171875,5.0,36.0,83.0,35.0
0.00013709068298339844,5.0,37.0,83.0,35.0
0.0001659393310546875,5.0,38.0,61.0,25.0
0.0001342296600341797,5.0,39.0,97.0,41.0
0.00013208389282226562,5.0,40.0,97.0,41.0
0.0001735687255859375,5.0,41.0,94.0,40.0
0.0001857280731201172,5.0,42.0,94.0,40.0
0.0001308917999267578,5.0,43.0,89.0,37.0
0.0001289844512939453,5.0,44.0,89.0,37.0
0.00013756752014160156,5.0,45.0,89.0,36.0
0.00012683868408203125,5.0,46.0,89.0,38.0
0.00013017654418945312,5.0,47.0,89.0,38.0
0.00025272369384765625,5.0,48.0,95.0,39.0
0.00014019012451171875,5.0,49.0,95.0,39.0
0.00013875961303710938,5.0,50.0,95.0,40.0
0.0001423358917236328,5.0,51.0,95.0,40.0
0.00013589859008789062,5.0,52.0,95.0,39.0
0.00012421607971191406,5.0,53.0,97.0,41.0
0.0001227855682373047,5.0,54.0,97.0,41.0
0.0001266002655029297,5.0,55.0,95.0,40.0
0.0001266002655029297,5.0,56.0,95.0,40.0
0.00012159347534179688,5.0,57.0,92.0,38.0
0.0001266002655029297,5.0,58.0,92.0,38.0
0.0001475811004638672,5.0,59.0,88.0,37.0
0.0001323223114013672,5.0,60.0,88.0,37.0
0.00012683868408203125,5.0,61.0,96.0,40.0
0.00012040138244628906,5.0,62.0,96.0,41.0
0.00014662742614746094,5.0,63.0,96.0,41.0
0.00014257431030273438,5.0,64.0,41.0,18.0
0.00017380714416503906,5.0,65.0,41.0,18.0
0.0001232624053955078,5.0,66.0,91.0,38.0
0.00013709068298339844,5.0,67.0,91.0,38.0
0.00015020370483398438,5.0,68.0,94.0,40.0
0.00014209747314453125,5.0,69.0,94.0,40.0
0.00013184547424316406,5.0,70.0,89.0,36.0
0.00012826919555664062,5.0,71.0,97.0,41.0
0.0001976490020751953,5.0,72.0,97.0,41.0
0.0001621246337890625,5.0,73.0,95.0,40.0
0.0001308917999267578,5.0,74.0,95.0,40.0
0.00016188621520996094,5.0,75.0,95.0,39.0
0.00012135505676269531,5.0,76.0,95.0,39.0
0.00015044212341308594,5.0,77.0,95.0,40.0
0.00016880035400390625,5.0,78.0,95.0,40.0
0.00014019012451171875,5.0,79.0,91.0,37.0
0.00012946128845214844,5.0,80.0,95.0,40.0
0.0001385211944580078,5.0,81.0,95.0,40.0
0.00013566017150878906,5.0,82.0,90.0,37.0
0.0001633167266845703,5.0,83.0,90.0,37.0
0.0001342296600341797,5.0,84.0,89.0,37.0
0.0001347064971923828,5.0,85.0,89.0,37.0
0.0001399517059326172,5.0,86.0,95.0,39.0
0.0001316070556640625,5.0,87.0,97.0,41.0
0.0001690387725830078,5.0,88.0,97.0,41.0
0.0001327991485595703,5.0,89.0,95.0,40.0
0.0002086162567138672,5.0,90.0,95.0,40.0
0.0001266002655029297,5.0,91.0,95.0,39.0
0.00012087821960449219,5.0,92.0,95.0,39.0
0.00013589859008789062,5.0,93.0,94.0,40.0
0.0001251697540283203,5.0,94.0,94.0,40.0
0.00013136863708496094,5.0,95.0,88.0,36.0
0.0001232624053955078,5.0,96.0,97.0,41.0
0.0001392364501953125,5.0,97.0,97.0,41.0
0.000186920166015625,5.0,0.0,0.0,0.0
0.00013566017150878906,5.0,1.0,0.0,0.0
0.00016379356384277344,5.0,2.0,0.0,0.0
0.00014138221740722656,5.0,3.0,30.0,15.0
0.00013685226440429688,5.0,4.0,30.0,15.0
0.00014400482177734375,5.0,5.0,30.0,15.0
0.00013017654418945312,5.0,6.0,30.0,15.0
0.00012540817260742188,5.0,7.0,55.0,28.0
0.00011610984802246094,5.0,8.0,55.0,28.0
0.0001239776611328125,5.0,9.0,55.0,28.0
0.00012612342834472656,5.0,10.0,55.0,28.0
0.0001461505889892578,5.0,11.0,50.0,26.0
0.00013828277587890625,5.0,12.0,50.0,26.0
0.00014638900756835938,5.0,13.0,27.0,14.0
0.0002243518829345703,5.0,14.0,27.0,14.0
0.00013184547424316406,5.0,15.0,27.0,14.0
0.0003495216369628906,5.0,16.0,48.0,24.0
0.00012683868408203125,5.0,17.0,48.0,24.0
0.0001232624053955078,5.0,18.0,48.0,24.0
0.00012063980102539062,5.0,19.0,48.0,24.0
0.9373488426208496,6.0,0.0,45.0,19.0
1.1567492485046387,6.0,1.0,17.0,7.0
1.2582004070281982,6.0,2.0,95.0,40.0
1.3738772869110107,6.0,3.0,95.0,40.0
1.466554880142212,6.0,4.0,79.0,33.0
1.570026159286499,6.0,5.0,79.0,33.0
1.6632733345031738,6.0,6.0,89.0,37.0
1.756288766860962,6.0,7.0,89.0,37.0
1.8493435382843018,6.0,8.0,95.0,40.0
2.0308444499969482,6.0,9.0,52.0,22.0
2.12420916557312,6.0,10.0,89.0,38.0
2.2173476219177246,6.0,11.0,89.0,38.0
2.3121109008789062,6.0,12.0,95.0,39.0
2.4052014350891113,6.0,13.0,95.0,39.0
2.4982798099517822,6.0,14.0,94.0,40.0
2.5913028717041016,6.0,15.0,94.0,40.0
2.694837808609009,6.0,16.0,91.0,37.0
2.787879705429077,6.0,17.0,95.0,40.0
2.8969297409057617,6.0,18.0,95.0,40.0
2.9899098873138428,6.0,19.0,85.0,36.0
3.0888025760650635,6.0,20.0,85.0,36.0
3.223245143890381,6.0,21.0,85.0,35.0
3.3612210750579834,6.0,22.0,62.0,26.0
3.5043976306915283,6.0,23.0,58.0,25.0
3.600208044052124,6.0,24.0,58.0,25.0
3.6992790699005127,6.0,25.0,92.0,37.0
3.7925586700439453,6.0,26.0,94.0,40.0
3.8857228755950928,6.0,27.0,94.0,40.0
3.99198579788208,6.0,28.0,87.0,36.0
4.0939836502075195,6.0,29.0,87.0,36.0
4.190203905105591,6.0,30.0,89.0,37.0
4.283463001251221,6.0,31.0,95.0,40.0
4.376851320266724,6.0,32.0,95.0,40.0
4.470001459121704,6.0,33.0,94.0,40.0
4.563249349594116,6.0,34.0,94.0,40.0
4.656447410583496,6.0,35.0,94.0,39.0
4.749737024307251,6.0,36.0,94.0,39.0
4.842986583709717,6.0,37.0,94.0,40.0
4.9360597133636475,6.0,38.0,94.0,40.0
5.033161163330078,6.0,39.0,95.0,39.0
5.145653963088989,6.0,40.0,83.0,36.0
5.238885164260864,6.0,41.0,83.0,36.0
5.332069635391235,6.0,42.0,94.0,39.0
5.438347816467285,6.0,43.0,94.0,39.0
5.531417369842529,6.0,44.0,87.0,36.0
5.624541759490967,6.0,45.0,97.0,41.0
5.727876663208008,6.0,46.0,97.0,41.0
5.820897579193115,6.0,47.0,88.0,37.0
5.914003133773804,6.0,48.0,88.0,37.0
6.01819372177124,6.0,49.0,95.0,40.0
6.111450910568237,6.0,50.0,95.0,40.0
6.20455002784729,6.0,51.0,89.0,36.0
6.297619104385376,6.0,52.0,96.0,41.0
6.390735149383545,6.0,53.0,96.0,41.0
6.493185758590698,6.0,54.0,95.0,40.0
6.61900520324707,6.0,55.0,72.0,30.0
6.714189529418945,6.0,56.0,72.0,30.0
6.811187028884888,6.0,57.0,93.0,39.0
6.907199859619141,6.0,58.0,93.0,39.0
7.001169681549072,6.0,59.0,91.0,38.0
7.097209692001343,6.0,60.0,91.0,38.0
7.190500974655151,6.0,61.0,92.0,38.0
7.284080982208252,6.0,62.0,92.0,38.0
7.387694835662842,6.0,63.0,96.0,40.0
7.480993747711182,6.0,64.0,89.0,38.0
7.5741987228393555,6.0,65.0,89.0,38.0
7.67822790145874,6.0,66.0,88.0,37.0
7.771800518035889,6.0,67.0,88.0,37.0
7.864887237548828,6.0,68.0,94.0,39.0
8.002005577087402,6.0,69.0,71.0,30.0
8.095177412033081,6.0,70.0,71.0,30.0
8.197876214981079,6.0,71.0,89.0,37.0
8.314019441604614,6.0,72.0,97.0,41.0
8.440913438796997,6.0,73.0,97.0,41.0
8.534286499023438,6.0,74.0,61.0,25.0
8.627598762512207,6.0,75.0,97.0,41.0
8.720777988433838,6.0,76.0,97.0,41.0
8.820105075836182,6.0,77.0,95.0,40.0
8.913219928741455,6.0,78.0,95.0,40.0
9.006391525268555,6.0,79.0,91.0,38.0
9.099677562713623,6.0,80.0,91.0,38.0
9.192948341369629,6.0,81.0,94.0,40.0
9.286191940307617,6.0,82.0,94.0,40.0
9.379278898239136,6.0,83.0,95.0,39.0
9.475293159484863,6.0,84.0,97.0,41.0
9.590005874633789,6.0,85.0,97.0,41.0
9.683196067810059,6.0,86.0,80.0,34.0
9.776749849319458,6.0,87.0,80.0,34.0
9.869200944900513,6.0,88.0,95.0,39.0
10.048034906387329,6.0,89.0,46.0,19.0
10.14126467704773,6.0,90.0,97.0,41.0
10.239257335662842,6.0,91.0,97.0,41.0
10.33247995376587,6.0,92.0,92.0,38.0
10.43725872039795,6.0,93.0,92.0,38.0
10.530381679534912,6.0,94.0,88.0,37.0
10.62326955795288,6.0,95.0,88.0,37.0
10.716073751449585,6.0,96.0,95.0,39.0
10.780656337738037,6.0,97.0,95.0,39.0
11.589372158050537,6.0,0.0,0.0,0.0
11.729671001434326,6.0,1.0,14.0,7.0
11.756902933120728,6.0,2.0,14.0,7.0
11.795667171478271,6.0,3.0,14.0,7.0
11.822437763214111,6.0,4.0,42.0,21.0
11.982821941375732,6.0,5.0,18.0,9.0
12.009677171707153,6.0,6.0,18.0,9.0
12.109972476959229,6.0,7.0,18.0,9.0
12.151963949203491,6.0,8.0,49.0,25.0
12.199490547180176,6.0,9.0,49.0,25.0
12.236181497573853,6.0,10.0,49.0,25.0
12.296530485153198,6.0,11.0,49.0,25.0
12.335955381393433,6.0,12.0,43.0,22.0
12.392353534698486,6.0,13.0,43.0,22.0
12.429952621459961,6.0,14.0,43.0,22.0
12.48722791671753,6.0,15.0,44.0,22.0
12.514556884765625,6.0,16.0,44.0,22.0
12.542908430099487,6.0,17.0,44.0,22.0
12.5699782371521,6.0,18.0,44.0,22.0
12.586936235427856,6.0,19.0,44.0,22.0
13.648056745529175,7.0,0.0,49.0,21.0
13.762769222259521,7.0,1.0,49.0,21.0
13.869565963745117,7.0,2.0,73.0,31.0
13.962817668914795,7.0,3.0,73.0,31.0
14.05609655380249,7.0,4.0,94.0,39.0
14.14941954612732,7.0,5.0,97.0,41.0
14.24304723739624,7.0,6.0,97.0,41.0
14.347242832183838,7.0,7.0,94.0,39.0
14.440414905548096,7.0,8.0,94.0,39.0
14.533550024032593,7.0,9.0,89.0,37.0
14.626724481582642,7.0,10.0,89.0,37.0
14.719871282577515,7.0,11.0,95.0,39.0
14.817180156707764,7.0,12.0,97.0,41.0
14.91041374206543,7.0,13.0,97.0,41.0
15.009177923202515,7.0,14.0,92.0,39.0
15.102410078048706,7.0,15.0,92.0,39.0
15.195632696151733,7.0,16.0,91.0,38.0
15.297934293746948,7.0,17.0,91.0,38.0
15.392202377319336,7.0,18.0,89.0,37.0
15.485679864883423,7.0,19.0,97.0,41.0
15.581205368041992,7.0,20.0,97.0,41.0
15.68619680404663,7.0,21.0,93.0,39.0
15.77937650680542,7.0,22.0,93.0,39.0
15.872469425201416,7.0,23.0,87.0,37.0
15.965618133544922,7.0,24.0,87.0,37.0
16.082051038742065,7.0,25.0,91.0,38.0
16.17555069923401,7.0,26.0,87.0,37.0
16.268749952316284,7.0,27.0,87.0,37.0
16.361883878707886,7.0,28.0,94.0,39.0
16.463193655014038,7.0,29.0,94.0,39.0
16.573253870010376,7.0,30.0,83.0,35.0
16.694196701049805,7.0,31.0,80.0,34.0
16.8414785861969,7.0,32.0,61.0,26.0
16.934085607528687,7.0,33.0,61.0,26.0
17.027313470840454,7.0,34.0,95.0,40.0
17.123190879821777,7.0,35.0,95.0,40.0
17.216356992721558,7.0,36.0,93.0,39.0
17.309449672698975,7.0,37.0,93.0,39.0
17.40254306793213,7.0,38.0,95.0,39.0
17.499428749084473,7.0,39.0,97.0,41.0
17.592554569244385,7.0,40.0,97.0,41.0
17.690190076828003,7.0,41.0,92.0,39.0
17.783401012420654,7.0,42.0,92.0,39.0
17.87902331352234,7.0,43.0,92.0,38.0
17.979181051254272,7.0,44.0,92.0,38.0
18.078190326690674,7.0,45.0,89.0,37.0
18.171425580978394,7.0,46.0,94.0,40.0
18.264646530151367,7.0,47.0,94.0,40.0
18.36720061302185,7.0,48.0,95.0,40.0
18.462202310562134,7.0,49.0,95.0,40.0
18.555492401123047,7.0,50.0,88.0,37.0
18.648739099502563,7.0,51.0,88.0,37.0
18.741908311843872,7.0,52.0,94.0,39.0
18.837188482284546,7.0,53.0,97.0,41.0
18.9304096698761,7.0,54.0,97.0,41.0
19.023608922958374,7.0,55.0,93.0,39.0
19.11688494682312,7.0,56.0,93.0,39.0
19.215192079544067,7.0,57.0,94.0,39.0
19.308363914489746,7.0,58.0,94.0,39.0
19.40147376060486,7.0,59.0,92.0,38.0
19.494566202163696,7.0,60.0,92.0,38.0
19.587677001953125,7.0,61.0,96.0,40.0
19.68119478225708,7.0,62.0,96.0,41.0
19.774325847625732,7.0,63.0,96.0,41.0
19.867485284805298,7.0,64.0,94.0,39.0
19.97319006919861,7.0,65.0,94.0,39.0
20.066457271575928,7.0,66.0,87.0,37.0
20.163215398788452,7.0,67.0,87.0,37.0
20.256357431411743,7.0,68.0,93.0,38.0
20.354987621307373,7.0,69.0,93.0,40.0
20.44812822341919,7.0,70.0,93.0,40.0
20.549197912216187,7.0,71.0,95.0,39.0
20.645354986190796,7.0,72.0,95.0,39.0
20.738454818725586,7.0,73.0,88.0,37.0
20.831565856933594,7.0,74.0,88.0,37.0
20.924700260162354,7.0,75.0,95.0,40.0
21.017796993255615,7.0,76.0,97.0,41.0
21.111897706985474,7.0,77.0,97.0,41.0
21.227193593978882,7.0,78.0,86.0,36.0
21.323249578475952,7.0,79.0,86.0,36.0
21.41641068458557,7.0,80.0,87.0,36.0
21.519182443618774,7.0,81.0,97.0,41.0
21.612257719039917,7.0,82.0,97.0,41.0
21.705345392227173,7.0,83.0,89.0,37.0
21.79855751991272,7.0,84.0,89.0,37.0
21.891825675964355,7.0,85.0,95.0,39.0
21.98496675491333,7.0,86.0,95.0,39.0
22.08521580696106,7.0,87.0,95.0,39.0
22.18924117088318,7.0,88.0,93.0,39.0
22.29520344734192,7.0,89.0,93.0,39.0
22.38862442970276,7.0,90.0,80.0,34.0
22.493196487426758,7.0,91.0,80.0,34.0
22.5864098072052,7.0,92.0,88.0,36.0
22.679794549942017,7.0,93.0,97.0,41.0
22.772796630859375,7.0,94.0,97.0,41.0
22.865682125091553,7.0,95.0,95.0,40.0
22.958493947982788,7.0,96.0,95.0,40.0
23.02301573753357,7.0,97.0,95.0,39.0
23.749373197555542,7.0,0.0,0.0,0.0
23.970712661743164,7.0,1.0,14.0,7.0
24.00333857536316,7.0,2.0,14.0,7.0
24.090473175048828,7.0,3.0,28.0,14.0
24.11751365661621,7.0,4.0,28.0,14.0
24.144893884658813,7.0,5.0,28.0,14.0
24.171575784683228,7.0,6.0,28.0,14.0
24.356416702270508,7.0,7.0,9.0,5.0
24.398200035095215,7.0,8.0,9.0,5.0
24.44428062438965,7.0,9.0,9.0,5.0
24.485189199447632,7.0,10.0,9.0,5.0
24.512553215026855,7.0,11.0,9.0,5.0
24.55616545677185,7.0,12.0,60.0,30.0
24.65017318725586,7.0,13.0,60.0,30.0
24.67699146270752,7.0,14.0,60.0,30.0
24.70424771308899,7.0,15.0,42.0,21.0
24.731536388397217,7.0,16.0,42.0,21.0
24.785199403762817,7.0,17.0,42.0,21.0
24.82014036178589,7.0,18.0,42.0,21.0
24.83732032775879,7.0,19.0,42.0,21.0
25.815369129180908,8.0,0.0,0.0,0.0
25.911186933517456,8.0,1.0,71.0,31.0
26.08805251121521,8.0,2.0,47.0,20.0
26.18072271347046,8.0,3.0,47.0,20.0
26.289259910583496,8.0,4.0,93.0,38.0
26.382216930389404,8.0,5.0,90.0,38.0
26.5030357837677,8.0,6.0,90.0,38.0
26.596315145492554,8.0,7.0,78.0,32.0
26.689455270767212,8.0,8.0,78.0,32.0
26.786194801330566,8.0,9.0,97.0,40.0
26.88153886795044,8.0,10.0,93.0,39.0
26.974705934524536,8.0,11.0,93.0,39.0
27.068174362182617,8.0,12.0,93.0,39.0
27.161216735839844,8.0,13.0,93.0,39.0
27.254441499710083,8.0,14.0,94.0,40.0
27.37617540359497,8.0,15.0,80.0,33.0
27.469322443008423,8.0,16.0,80.0,33.0
27.56251287460327,8.0,17.0,95.0,40.0
27.65575671195984,8.0,18.0,95.0,40.0
27.754432678222656,8.0,19.0,91.0,38.0
27.847654581069946,8.0,20.0,91.0,38.0
27.94617986679077,8.0,21.0,95.0,39.0
28.039363861083984,8.0,22.0,94.0,40.0
28.132519483566284,8.0,23.0,94.0,40.0
28.2257022857666,8.0,24.0,95.0,40.0
28.329197645187378,8.0,25.0,95.0,40.0
28.422492742538452,8.0,26.0,88.0,37.0
28.515745878219604,8.0,27.0,88.0,37.0
28.609110355377197,8.0,28.0,94.0,39.0
28.71411108970642,8.0,29.0,90.0,38.0
28.811965942382812,8.0,30.0,90.0,38.0
28.915987253189087,8.0,31.0,85.0,36.0
29.0090594291687,8.0,32.0,85.0,36.0
29.10211443901062,8.0,33.0,95.0,39.0
29.195240259170532,8.0,34.0,95.0,39.0
29.325204610824585,8.0,35.0,94.0,39.0
29.478441953659058,8.0,36.0,53.0,22.0
29.574141263961792,8.0,37.0,82.0,35.0
29.667319297790527,8.0,38.0,82.0,35.0
29.765231132507324,8.0,39.0,95.0,40.0
29.861247062683105,8.0,40.0,95.0,40.0
29.954482316970825,8.0,41.0,90.0,37.0
30.047608852386475,8.0,42.0,97.0,41.0
30.144845962524414,8.0,43.0,97.0,41.0
30.23882246017456,8.0,44.0,92.0,39.0
30.337239265441895,8.0,45.0,92.0,39.0
30.434216737747192,8.0,46.0,91.0,38.0
30.527686834335327,8.0,47.0,91.0,38.0
30.621357917785645,8.0,48.0,92.0,38.0
30.714972734451294,8.0,49.0,97.0,41.0
30.808475494384766,8.0,50.0,97.0,41.0
30.901876211166382,8.0,51.0,94.0,40.0
30.994972944259644,8.0,52.0,94.0,40.0
31.088152170181274,8.0,53.0,95.0,39.0
31.181424379348755,8.0,54.0,95.0,39.0
31.27459168434143,8.0,55.0,95.0,40.0
31.367738246917725,8.0,56.0,95.0,40.0
31.460848331451416,8.0,57.0,95.0,39.0
31.5540292263031,8.0,58.0,97.0,41.0
31.64711594581604,8.0,59.0,97.0,41.0
31.74083924293518,8.0,60.0,94.0,40.0
31.884807348251343,8.0,61.0,67.0,28.0
31.978124141693115,8.0,62.0,67.0,28.0
32.071306228637695,8.0,63.0,94.0,40.0
32.16443920135498,8.0,64.0,94.0,40.0
32.26320147514343,8.0,65.0,95.0,39.0
32.35640287399292,8.0,66.0,95.0,39.0
32.449517250061035,8.0,67.0,91.0,38.0
32.546223163604736,8.0,68.0,95.0,40.0
32.642189741134644,8.0,69.0,95.0,40.0
32.73529076576233,8.0,70.0,93.0,39.0
32.83819270133972,8.0,71.0,93.0,39.0
32.94826889038086,8.0,72.0,81.0,34.0
33.04083609580994,8.0,73.0,81.0,34.0
33.13391327857971,8.0,74.0,92.0,38.0
33.22922468185425,8.0,75.0,97.0,41.0
33.32519197463989,8.0,76.0,97.0,41.0
33.41839098930359,8.0,77.0,92.0,38.0
33.51170468330383,8.0,78.0,92.0,38.0
33.60515308380127,8.0,79.0,95.0,40.0
33.69834518432617,8.0,80.0,95.0,40.0
33.81496262550354,8.0,81.0,84.0,35.0
33.908198833465576,8.0,82.0,94.0,40.0
34.009498834609985,8.0,83.0,94.0,40.0
34.115230321884155,8.0,84.0,90.0,37.0
34.20859360694885,8.0,85.0,90.0,37.0
34.30184864997864,8.0,86.0,87.0,36.0
34.408071517944336,8.0,87.0,89.0,38.0
34.524969816207886,8.0,88.0,89.0,38.0
34.618170738220215,8.0,89.0,80.0,34.0
34.71127152442932,8.0,90.0,80.0,34.0
34.80435371398926,8.0,91.0,95.0,39.0
34.90720844268799,8.0,92.0,97.0,41.0
35.000757932662964,8.0,93.0,97.0,41.0
35.09375190734863,8.0,94.0,89.0,37.0
35.18663239479065,8.0,95.0,89.0,37.0
35.279452085494995,8.0,96.0,95.0,40.0
35.34399461746216,8.0,97.0,95.0,40.0
36.125850200653076,8.0,0.0,0.0,0.0
36.30138635635376,8.0,1.0,14.0,7.0
36.34521150588989,8.0,2.0,14.0,7.0
36.39530301094055,8.0,3.0,14.0,7.0
36.42226815223694,8.0,4.0,41.0,21.0
36.44969058036804,8.0,5.0,41.0,21.0
36.500399589538574,8.0,6.0,41.0,21.0
36.59674048423767,8.0,7.0,41.0,21.0
36.623586893081665,8.0,8.0,41.0,21.0
36.699310541152954,8.0,9.0,41.0,21.0
36.72616410255432,8.0,10.0,41.0,21.0
36.75343132019043,8.0,11.0,56.0,28.0
36.78072953224182,8.0,12.0,56.0,28.0
36.83991503715515,8.0,13.0,56.0,28.0
36.87471389770508,8.0,14.0,56.0,28.0
37.0332465171814,8.0,15.0,54.0,28.0
37.0622022151947,8.0,16.0,54.0,28.0
37.08999729156494,8.0,17.0,28.0,14.0
37.11715483665466,8.0,18.0,28.0,14.0
37.13469219207764,8.0,19.0,28.0,14.0
37.9565908908844,9.0,0.0,21.0,9.0
38.24589419364929,9.0,1.0,48.0,20.0
38.35723567008972,9.0,2.0,48.0,20.0
38.47405004501343,9.0,3.0,70.0,29.0
38.566911697387695,9.0,4.0,70.0,29.0
38.66023373603821,9.0,5.0,95.0,39.0
38.75360155105591,9.0,6.0,97.0,41.0
38.84701704978943,9.0,7.0,97.0,41.0
38.941197633743286,9.0,8.0,94.0,40.0
39.03556036949158,9.0,9.0,94.0,40.0
39.13568687438965,9.0,10.0,93.0,39.0
39.22891068458557,9.0,11.0,93.0,39.0
39.327192306518555,9.0,12.0,90.0,37.0
39.420331716537476,9.0,13.0,94.0,40.0
39.51351356506348,9.0,14.0,94.0,40.0
39.606765031814575,9.0,15.0,95.0,40.0
39.70622277259827,9.0,16.0,95.0,40.0
39.799352407455444,9.0,17.0,91.0,38.0
39.89620113372803,9.0,18.0,91.0,38.0
39.99619483947754,9.0,19.0,92.0,38.0
40.08937644958496,9.0,20.0,93.0,40.0
40.1825966835022,9.0,21.0,93.0,40.0
40.27580547332764,9.0,22.0,95.0,40.0
40.37219166755676,9.0,23.0,95.0,40.0
40.46526217460632,9.0,24.0,93.0,38.0
40.56255507469177,9.0,25.0,93.0,38.0
40.65570545196533,9.0,26.0,92.0,38.0
40.75587320327759,9.0,27.0,93.0,39.0
40.84897446632385,9.0,28.0,93.0,39.0
40.952290296554565,9.0,29.0,89.0,37.0
41.15803408622742,9.0,30.0,38.0,16.0
41.25142765045166,9.0,31.0,89.0,37.0
41.3482141494751,9.0,32.0,89.0,37.0
41.44165325164795,9.0,33.0,92.0,39.0
41.53484392166138,9.0,34.0,92.0,39.0
41.62795424461365,9.0,35.0,95.0,39.0
41.72097945213318,9.0,36.0,95.0,39.0
41.82013750076294,9.0,37.0,92.0,39.0
41.913190603256226,9.0,38.0,92.0,39.0
42.01722240447998,9.0,39.0,94.0,39.0
42.1172981262207,9.0,40.0,87.0,37.0
42.24728727340698,9.0,41.0,87.0,37.0
42.350417375564575,9.0,42.0,72.0,30.0
42.56297016143799,9.0,43.0,53.0,22.0
42.656327962875366,9.0,44.0,64.0,27.0
42.80682063102722,9.0,45.0,63.0,26.0
42.89947533607483,9.0,46.0,63.0,26.0
42.99458956718445,9.0,47.0,94.0,39.0
43.1051812171936,9.0,48.0,94.0,40.0
43.198325634002686,9.0,49.0,94.0,40.0
43.291539907455444,9.0,50.0,87.0,37.0
43.39634847640991,9.0,51.0,87.0,37.0
43.48893141746521,9.0,52.0,88.0,37.0
43.58747744560242,9.0,53.0,88.0,37.0
43.68059039115906,9.0,54.0,92.0,38.0
43.78016781806946,9.0,55.0,96.0,41.0
43.879183530807495,9.0,56.0,96.0,41.0
43.97239422798157,9.0,57.0,87.0,36.0
44.0732057094574,9.0,58.0,87.0,36.0
44.1664617061615,9.0,59.0,90.0,37.0
44.26071524620056,9.0,60.0,97.0,41.0
44.35387349128723,9.0,61.0,97.0,41.0
44.447014570236206,9.0,62.0,94.0,40.0
44.54594612121582,9.0,63.0,94.0,40.0
44.64018726348877,9.0,64.0,90.0,38.0
44.735023498535156,9.0,65.0,90.0,38.0
44.830867767333984,9.0,66.0,92.0,39.0
44.92617106437683,9.0,67.0,92.0,39.0
45.04192113876343,9.0,68.0,94.0,39.0
45.17897152900696,9.0,69.0,57.0,24.0
45.2792534828186,9.0,70.0,97.0,41.0
45.376203298568726,9.0,71.0,97.0,41.0
45.47722005844116,9.0,72.0,88.0,37.0
45.57061815261841,9.0,73.0,88.0,37.0
45.663840532302856,9.0,74.0,90.0,38.0
45.75701332092285,9.0,75.0,90.0,38.0
45.850139141082764,9.0,76.0,95.0,39.0
45.94322323799133,9.0,77.0,97.0,41.0
46.03650212287903,9.0,78.0,97.0,41.0
46.13169312477112,9.0,79.0,93.0,39.0
46.23098087310791,9.0,80.0,93.0,39.0
46.32424592971802,9.0,81.0,91.0,38.0
46.41735863685608,9.0,82.0,91.0,38.0
46.53819012641907,9.0,83.0,87.0,36.0
46.647048234939575,9.0,84.0,79.0,33.0
46.80194568634033,9.0,85.0,60.0,26.0
46.90752863883972,9.0,86.0,60.0,26.0
47.01119589805603,9.0,87.0,87.0,37.0
47.10441780090332,9.0,88.0,91.0,37.0
47.19745969772339,9.0,89.0,91.0,37.0
47.29975461959839,9.0,90.0,90.0,38.0
47.3938729763031,9.0,91.0,90.0,38.0
47.48687815666199,9.0,92.0,94.0,39.0
47.5802526473999,9.0,93.0,94.0,39.0
47.68390488624573,9.0,94.0,88.0,37.0
47.776705265045166,9.0,95.0,97.0,41.0
47.87000632286072,9.0,96.0,97.0,41.0
47.933956146240234,9.0,97.0,97.0,41.0
48.67483353614807,9.0,0.0,0.0,0.0
48.83531832695007,9.0,1.0,14.0,7.0
48.8952100276947,9.0,2.0,14.0,7.0
48.95855212211609,9.0,3.0,33.0,17.0
48.99519109725952,9.0,4.0,33.0,17.0
49.06781482696533,9.0,5.0,33.0,17.0
49.094754219055176,9.0,6.0,33.0,17.0
49.12230896949768,9.0,7.0,57.0,29.0
49.14968299865723,9.0,8.0,57.0,29.0
49.23039793968201,9.0,9.0,57.0,29.0
49.257641315460205,9.0,10.0,57.0,29.0
49.41187596321106,9.0,11.0,48.0,24.0
49.43878507614136,9.0,12.0,48.0,24.0
49.466073513031006,9.0,13.0,29.0,15.0
49.50625419616699,9.0,14.0,29.0,15.0
49.54497504234314,9.0,15.0,29.0,15.0
49.58144402503967,9.0,16.0,29.0,15.0
49.68392062187195,9.0,17.0,53.0,27.0
49.711127281188965,9.0,18.0,53.0,27.0
49.72818684577942,9.0,19.0,53.0,27.0
50.52547073364258,10.0,0.0,8.0,3.0
50.90263748168945,10.0,1.0,0.0,0.0
50.995617151260376,10.0,2.0,80.0,34.0
51.10221529006958,10.0,3.0,80.0,34.0
51.20225715637207,10.0,4.0,87.0,36.0
51.34894156455994,10.0,5.0,61.0,26.0
51.45523238182068,10.0,6.0,90.0,37.0
51.54910111427307,10.0,7.0,90.0,37.0
51.64305543899536,10.0,8.0,94.0,39.0
51.74036455154419,10.0,9.0,94.0,39.0
51.83652591705322,10.0,10.0,90.0,37.0
51.945234298706055,10.0,11.0,90.0,37.0
52.039307832717896,10.0,12.0,85.0,35.0
52.13340473175049,10.0,13.0,97.0,41.0
52.227505922317505,10.0,14.0,97.0,41.0
52.33127284049988,10.0,15.0,93.0,39.0
52.4252986907959,10.0,16.0,93.0,39.0
52.51919865608215,10.0,17.0,88.0,37.0
52.61357307434082,10.0,18.0,88.0,37.0
52.70718955993652,10.0,19.0,93.0,38.0
52.800657510757446,10.0,20.0,97.0,41.0
52.893980979919434,10.0,21.0,97.0,41.0
52.995046854019165,10.0,22.0,90.0,38.0
53.08832788467407,10.0,23.0,90.0,38.0
53.181392192840576,10.0,24.0,95.0,40.0
53.274409532547,10.0,25.0,95.0,40.0
53.36745882034302,10.0,26.0,95.0,39.0
53.57293629646301,10.0,27.0,44.0,18.0
53.6661651134491,10.0,28.0,83.0,35.0
53.759140729904175,10.0,29.0,83.0,35.0
53.856911420822144,10.0,30.0,92.0,39.0
53.94993853569031,10.0,31.0,92.0,39.0
54.042853116989136,10.0,32.0,95.0,39.0
54.13602352142334,10.0,33.0,97.0,41.0
54.32811403274536,10.0,34.0,50.0,21.0
54.42131447792053,10.0,35.0,50.0,21.0
54.514540672302246,10.0,36.0,83.0,35.0
54.60762667655945,10.0,37.0,83.0,35.0
54.70099401473999,10.0,38.0,94.0,40.0
54.79419469833374,10.0,39.0,94.0,40.0
54.898048877716064,10.0,40.0,94.0,39.0
54.99127507209778,10.0,41.0,91.0,39.0
55.08446455001831,10.0,42.0,91.0,39.0
55.17758226394653,10.0,43.0,95.0,39.0
55.29312086105347,10.0,44.0,95.0,39.0
55.39319729804993,10.0,45.0,81.0,33.0
55.486414194107056,10.0,46.0,93.0,40.0
55.579646587371826,10.0,47.0,93.0,40.0
55.683186054229736,10.0,48.0,95.0,39.0
55.78129053115845,10.0,49.0,95.0,39.0
55.87448263168335,10.0,50.0,85.0,35.0
55.9675567150116,10.0,51.0,85.0,35.0
56.06059217453003,10.0,52.0,96.0,40.0
56.1536602973938,10.0,53.0,96.0,41.0
56.252052545547485,10.0,54.0,96.0,41.0
56.34549260139465,10.0,55.0,91.0,38.0
56.438607692718506,10.0,56.0,91.0,38.0
56.54104399681091,10.0,57.0,89.0,37.0
56.634124994277954,10.0,58.0,89.0,37.0
56.72702932357788,10.0,59.0,95.0,39.0
56.81996941566467,10.0,60.0,97.0,41.0
56.97520565986633,10.0,61.0,61.0,25.0
57.11720609664917,10.0,62.0,61.0,25.0
57.27295517921448,10.0,63.0,53.0,22.0
57.3786404132843,10.0,64.0,64.0,27.0
57.4718074798584,10.0,65.0,64.0,27.0
57.565027713775635,10.0,66.0,95.0,40.0
57.658172369003296,10.0,67.0,96.0,41.0
57.75125193595886,10.0,68.0,96.0,41.0
57.84919047355652,10.0,69.0,95.0,40.0
57.94233250617981,10.0,70.0,95.0,40.0
58.03548717498779,10.0,71.0,92.0,38.0
58.14167141914368,10.0,72.0,92.0,38.0
58.234750270843506,10.0,73.0,88.0,36.0
58.32819151878357,10.0,74.0,96.0,41.0
58.42220091819763,10.0,75.0,96.0,41.0
58.515506744384766,10.0,76.0,94.0,39.0
58.60875749588013,10.0,77.0,94.0,39.0
58.701990842819214,10.0,78.0,94.0,40.0
58.80191230773926,10.0,79.0,94.0,40.0
58.89535403251648,10.0,80.0,90.0,37.0
58.99192929267883,10.0,81.0,95.0,40.0
59.08494472503662,10.0,82.0,95.0,40.0
59.17801642417908,10.0,83.0,95.0,40.0
59.27112627029419,10.0,84.0,95.0,40.0
59.379576683044434,10.0,85.0,86.0,36.0
59.47255039215088,10.0,86.0,86.0,36.0
59.64096713066101,10.0,87.0,89.0,37.0
59.768208503723145,10.0,88.0,53.0,22.0
59.913018226623535,10.0,89.0,53.0,22.0
60.0186505317688,10.0,90.0,88.0,38.0
60.11188983917236,10.0,91.0,88.0,38.0
60.204954624176025,10.0,92.0,95.0,39.0
60.29845213890076,10.0,93.0,95.0,39.0
60.39181923866272,10.0,94.0,94.0,40.0
60.48484754562378,10.0,95.0,94.0,40.0
60.57779264450073,10.0,96.0,95.0,39.0
60.64233446121216,10.0,97.0,95.0,39.0
61.39701223373413,10.0,0.0,0.0,0.0
61.58343505859375,10.0,1.0,14.0,7.0
61.61420726776123,10.0,2.0,14.0,7.0
61.70350956916809,10.0,3.0,27.0,14.0
61.73419809341431,10.0,4.0,27.0,14.0
61.810187101364136,10.0,5.0,27.0,14.0
61.83704733848572,10.0,6.0,27.0,14.0
61.91620945930481,10.0,7.0,55.0,28.0
61.94385075569153,10.0,8.0,55.0,28.0
62.03222417831421,10.0,9.0,36.0,19.0
62.07135009765625,10.0,10.0,36.0,19.0
62.12162208557129,10.0,11.0,36.0,19.0
62.15750241279602,10.0,12.0,36.0,19.0
62.21927738189697,10.0,13.0,46.0,23.0
62.25173807144165,10.0,14.0,46.0,23.0
62.324339389801025,10.0,15.0,46.0,23.0
62.351906299591064,10.0,16.0,51.0,26.0
62.38703370094299,10.0,17.0,51.0,26.0
62.414424896240234,10.0,18.0,51.0,26.0
62.4314980506897,10.0,19.0,51.0,26.0
63.43135714530945,11.0,0.0,15.0,7.0
63.53176665306091,11.0,1.0,88.0,36.0
63.69587683677673,11.0,2.0,88.0,36.0
63.78865647315979,11.0,3.0,55.0,22.0
63.881898403167725,11.0,4.0,96.0,40.0
63.983006715774536,11.0,5.0,96.0,40.0
64.07618975639343,11.0,6.0,90.0,37.0
64.17188811302185,11.0,7.0,90.0,37.0
64.26550626754761,11.0,8.0,93.0,39.0
64.36150765419006,11.0,9.0,93.0,39.0
64.46273612976074,11.0,10.0,89.0,36.0
64.55585932731628,11.0,11.0,97.0,41.0
64.64884781837463,11.0,12.0,97.0,41.0
64.7417631149292,11.0,13.0,95.0,40.0
64.84261798858643,11.0,14.0,95.0,40.0
64.9858603477478,11.0,15.0,69.0,28.0
65.15124440193176,11.0,16.0,53.0,22.0
65.28039312362671,11.0,17.0,70.0,30.0
65.37303423881531,11.0,18.0,70.0,30.0
65.46631288528442,11.0,19.0,95.0,39.0
65.55947852134705,11.0,20.0,95.0,39.0
65.65784740447998,11.0,21.0,96.0,40.0
65.75104665756226,11.0,22.0,93.0,39.0
65.84817743301392,11.0,23.0,93.0,39.0
65.94135665893555,11.0,24.0,92.0,38.0
66.04349064826965,11.0,25.0,92.0,38.0
66.13664960861206,11.0,26.0,89.0,38.0
66.23184418678284,11.0,27.0,89.0,38.0
66.33618807792664,11.0,28.0,93.0,38.0
66.43619203567505,11.0,29.0,91.0,39.0
66.54396462440491,11.0,30.0,91.0,39.0
66.6401720046997,11.0,31.0,82.0,34.0
66.74618458747864,11.0,32.0,82.0,34.0
66.85119676589966,11.0,33.0,87.0,36.0
66.95619225502014,11.0,34.0,89.0,38.0
67.04945707321167,11.0,35.0,89.0,38.0
67.14623069763184,11.0,36.0,88.0,37.0
67.23975539207458,11.0,37.0,88.0,37.0
67.35297441482544,11.0,38.0,92.0,38.0
67.45025420188904,11.0,39.0,85.0,36.0
67.54342865943909,11.0,40.0,85.0,36.0
67.63921642303467,11.0,41.0,93.0,39.0
67.73918890953064,11.0,42.0,93.0,39.0
67.83249020576477,11.0,43.0,89.0,38.0
67.92568182945251,11.0,44.0,89.0,38.0
68.020024061203,11.0,45.0,94.0,38.0
68.1188976764679,11.0,46.0,94.0,40.0
68.21188163757324,11.0,47.0,94.0,40.0
68.31392097473145,11.0,48.0,90.0,37.0
68.40709137916565,11.0,49.0,90.0,37.0
68.51085901260376,11.0,50.0,88.0,37.0
68.60425090789795,11.0,51.0,88.0,37.0
68.76320838928223,11.0,52.0,89.0,36.0
68.91108298301697,11.0,53.0,52.0,22.0
69.01119661331177,11.0,54.0,77.0,33.0
69.10444045066833,11.0,55.0,77.0,33.0
69.19761800765991,11.0,56.0,91.0,38.0
69.29822254180908,11.0,57.0,94.0,39.0
69.391437292099,11.0,58.0,94.0,39.0
69.4846863746643,11.0,59.0,93.0,39.0
69.57786440849304,11.0,60.0,93.0,39.0
69.67925214767456,11.0,61.0,95.0,39.0
69.77238416671753,11.0,62.0,95.0,39.0
69.87119007110596,11.0,63.0,90.0,38.0
69.97718143463135,11.0,64.0,93.0,38.0
70.07053351402283,11.0,65.0,93.0,38.0
70.16363263130188,11.0,66.0,88.0,37.0
70.25685119628906,11.0,67.0,88.0,37.0
70.3622031211853,11.0,68.0,95.0,39.0
70.46219396591187,11.0,69.0,95.0,39.0
70.55528712272644,11.0,70.0,83.0,34.0
70.65017986297607,11.0,71.0,97.0,41.0
70.75217461585999,11.0,72.0,97.0,41.0
70.84544134140015,11.0,73.0,88.0,37.0
70.93853807449341,11.0,74.0,88.0,37.0
71.04320454597473,11.0,75.0,95.0,40.0
71.13638830184937,11.0,76.0,95.0,40.0
71.22957181930542,11.0,77.0,90.0,37.0
71.32266426086426,11.0,78.0,95.0,40.0
71.41621375083923,11.0,79.0,95.0,40.0
71.50953149795532,11.0,80.0,94.0,39.0
71.60307383537292,11.0,81.0,94.0,39.0
71.70187020301819,11.0,82.0,91.0,39.0
71.7949070930481,11.0,83.0,91.0,39.0
71.89331936836243,11.0,84.0,91.0,37.0
71.9863793849945,11.0,85.0,97.0,41.0
72.07957935333252,11.0,86.0,97.0,41.0
72.17306590080261,11.0,87.0,94.0,40.0
72.27177166938782,11.0,88.0,94.0,40.0
72.37015891075134,11.0,89.0,88.0,37.0
72.50822257995605,11.0,90.0,75.0,31.0
72.68120670318604,11.0,91.0,48.0,20.0
72.79298496246338,11.0,92.0,48.0,20.0
72.88660335540771,11.0,93.0,80.0,33.0
72.9878900051117,11.0,94.0,92.0,39.0
73.08081722259521,11.0,95.0,92.0,39.0
73.17357420921326,11.0,96.0,95.0,40.0
73.23803901672363,11.0,97.0,95.0,40.0
73.94135785102844,11.0,0.0,0.0,0.0
74.21078085899353,11.0,1.0,0.0,0.0
74.24303531646729,11.0,2.0,0.0,0.0
74.34008812904358,11.0,3.0,28.0,14.0
74.37320852279663,11.0,4.0,28.0,14.0
74.4398045539856,11.0,5.0,28.0,14.0
74.48420548439026,11.0,6.0,55.0,28.0
74.53428936004639,11.0,7.0,55.0,28.0
74.57234954833984,11.0,8.0,55.0,28.0
74.63628625869751,11.0,9.0,55.0,28.0
74.66372179985046,11.0,10.0,47.0,24.0
74.73137855529785,11.0,11.0,47.0,24.0
74.75880885124207,11.0,12.0,47.0,24.0
74.82636618614197,11.0,13.0,44.0,23.0
74.85388565063477,11.0,14.0,44.0,23.0
74.92140984535217,11.0,15.0,44.0,23.0
74.9487419128418,11.0,16.0,44.0,23.0
74.98080921173096,11.0,17.0,44.0,23.0
75.00789451599121,11.0,18.0,61.0,30.0
75.02486729621887,11.0,19.0,61.0,30.0
76.07085752487183,12.0,0.0,4.0,1.0
76.18765926361084,12.0,1.0,83.0,36.0
76.28121566772461,12.0,2.0,83.0,36.0
76.37868356704712,12.0,3.0,94.0,39.0
76.47819590568542,12.0,4.0,94.0,39.0
76.57136631011963,12.0,5.0,88.0,36.0
76.66448664665222,12.0,6.0,97.0,41.0
76.757732629776,12.0,7.0,97.0,41.0
76.85091066360474,12.0,8.0,95.0,40.0
76.94411969184875,12.0,9.0,95.0,40.0
77.0372462272644,12.0,10.0,95.0,39.0
77.15522408485413,12.0,11.0,95.0,39.0
77.24839854240417,12.0,12.0,80.0,33.0
77.34151220321655,12.0,13.0,97.0,41.0
77.43470001220703,12.0,14.0,97.0,41.0
77.52781939506531,12.0,15.0,95.0,40.0
77.62098145484924,12.0,16.0,95.0,40.0
77.72025156021118,12.0,17.0,95.0,39.0
77.8202338218689,12.0,18.0,95.0,39.0
77.91354036331177,12.0,19.0,87.0,36.0
78.00675892829895,12.0,20.0,97.0,41.0
78.09991931915283,12.0,21.0,97.0,41.0
78.19305944442749,12.0,22.0,95.0,40.0
78.29617357254028,12.0,23.0,95.0,40.0
78.38940191268921,12.0,24.0,89.0,37.0
78.48272728919983,12.0,25.0,89.0,37.0
78.57596111297607,12.0,26.0,94.0,39.0
78.6761953830719,12.0,27.0,97.0,41.0
78.77819681167603,12.0,28.0,97.0,41.0
78.88792443275452,12.0,29.0,75.0,32.0
78.98122072219849,12.0,30.0,75.0,32.0
79.07457041740417,12.0,31.0,94.0,39.0
79.16783499717712,12.0,32.0,97.0,41.0
79.26819181442261,12.0,33.0,97.0,41.0
79.36152601242065,12.0,34.0,90.0,38.0
79.45465421676636,12.0,35.0,90.0,38.0
79.55986952781677,12.0,36.0,87.0,36.0
79.65294551849365,12.0,37.0,87.0,36.0
79.74608278274536,12.0,38.0,95.0,39.0
79.89219284057617,12.0,39.0,71.0,30.0
79.99592304229736,12.0,40.0,71.0,30.0
80.08915066719055,12.0,41.0,83.0,34.0
80.18251705169678,12.0,42.0,97.0,41.0
80.27569818496704,12.0,43.0,97.0,41.0
80.3771903514862,12.0,44.0,95.0,40.0
80.48233294487,12.0,45.0,95.0,40.0
80.57557010650635,12.0,46.0,82.0,34.0
80.66873550415039,12.0,47.0,82.0,34.0
80.77120018005371,12.0,48.0,95.0,39.0
80.8652012348175,12.0,49.0,91.0,39.0
80.95839548110962,12.0,50.0,91.0,39.0
81.05817079544067,12.0,51.0,94.0,39.0
81.15126204490662,12.0,52.0,94.0,39.0
81.25749087333679,12.0,53.0,83.0,34.0
81.35071730613708,12.0,54.0,97.0,41.0
81.44386148452759,12.0,55.0,97.0,41.0
81.53702211380005,12.0,56.0,95.0,40.0
81.63017082214355,12.0,57.0,95.0,40.0
81.7272162437439,12.0,58.0,95.0,39.0
81.820396900177,12.0,59.0,95.0,39.0
81.91347932815552,12.0,60.0,92.0,39.0
82.00805020332336,12.0,61.0,92.0,39.0
82.11295747756958,12.0,62.0,95.0,39.0
82.20652270317078,12.0,63.0,89.0,38.0
82.29970836639404,12.0,64.0,89.0,38.0
82.47142243385315,12.0,65.0,70.0,28.0
82.56457042694092,12.0,66.0,75.0,32.0
82.66345167160034,12.0,67.0,75.0,32.0
82.75920391082764,12.0,68.0,91.0,38.0
82.85236978530884,12.0,69.0,96.0,40.0
82.95617771148682,12.0,70.0,96.0,40.0
83.04925632476807,12.0,71.0,88.0,37.0
83.14246726036072,12.0,72.0,88.0,37.0
83.2406325340271,12.0,73.0,92.0,38.0
83.33370590209961,12.0,74.0,92.0,38.0
83.42718601226807,12.0,75.0,95.0,39.0
83.52022910118103,12.0,76.0,97.0,41.0
83.61422562599182,12.0,77.0,97.0,41.0
83.7073884010315,12.0,78.0,94.0,40.0
83.80050206184387,12.0,79.0,94.0,40.0
83.89365696907043,12.0,80.0,95.0,39.0
83.98681473731995,12.0,81.0,95.0,39.0
84.0889720916748,12.0,82.0,89.0,37.0
84.18206858634949,12.0,83.0,89.0,37.0
84.29310631752014,12.0,84.0,95.0,39.0
84.386239528656,12.0,85.0,86.0,37.0
84.47995400428772,12.0,86.0,86.0,37.0
84.57248282432556,12.0,87.0,95.0,39.0
84.67807412147522,12.0,88.0,95.0,39.0
84.7819607257843,12.0,89.0,84.0,35.0
84.8804624080658,12.0,90.0,91.0,39.0
84.97281742095947,12.0,91.0,91.0,39.0
85.19074082374573,12.0,92.0,52.0,22.0
85.29796481132507,12.0,93.0,52.0,22.0
85.41199970245361,12.0,94.0,74.0,31.0
85.50447726249695,12.0,95.0,74.0,31.0
85.59740877151489,12.0,96.0,95.0,39.0
85.6619668006897,12.0,97.0,95.0,39.0
86.36598181724548,12.0,0.0,14.0,7.0
86.60318231582642,12.0,1.0,0.0,0.0
86.63029360771179,12.0,2.0,0.0,0.0
86.72240924835205,12.0,3.0,28.0,14.0
86.74932360649109,12.0,4.0,28.0,14.0
86.83883953094482,12.0,5.0,28.0,14.0
86.86567521095276,12.0,6.0,53.0,27.0
86.93379020690918,12.0,7.0,53.0,27.0
86.9604856967926,12.0,8.0,53.0,27.0
87.1025002002716,12.0,9.0,30.0,15.0
87.14920043945312,12.0,10.0,30.0,15.0
87.2251648902893,12.0,11.0,28.0,14.0
87.25201034545898,12.0,12.0,28.0,14.0
87.27944803237915,12.0,13.0,28.0,14.0
87.30713319778442,12.0,14.0,28.0,14.0
87.3597948551178,12.0,15.0,28.0,14.0
87.47015881538391,12.0,16.0,69.0,35.0
87.49752831459045,12.0,17.0,69.0,35.0
87.52462100982666,12.0,18.0,69.0,35.0
87.54163479804993,12.0,19.0,43.0,22.0
88.3904459476471,13.0,0.0,39.0,17.0
88.67918872833252,13.0,1.0,13.0,5.0
88.78222918510437,13.0,2.0,64.0,27.0
88.89501619338989,13.0,3.0,79.0,34.0
88.98765134811401,13.0,4.0,79.0,34.0
89.08100080490112,13.0,5.0,95.0,39.0
89.1742901802063,13.0,6.0,95.0,39.0
89.26758027076721,13.0,7.0,94.0,40.0
89.36788535118103,13.0,8.0,94.0,40.0
89.46142339706421,13.0,9.0,91.0,37.0
89.55689334869385,13.0,10.0,95.0,40.0
89.64989233016968,13.0,11.0,95.0,40.0
89.74592566490173,13.0,12.0,93.0,39.0
89.83884978294373,13.0,13.0,93.0,39.0
89.94297862052917,13.0,14.0,88.0,37.0
90.0359480381012,13.0,15.0,88.0,37.0
90.18032360076904,13.0,16.0,95.0,39.0
90.27341914176941,13.0,17.0,67.0,29.0
90.37054824829102,13.0,18.0,67.0,29.0
90.46317625045776,13.0,19.0,93.0,38.0
90.61149954795837,13.0,20.0,64.0,27.0
90.70465350151062,13.0,21.0,64.0,27.0
90.87904477119446,13.0,22.0,52.0,22.0
90.98464012145996,13.0,23.0,52.0,22.0
91.127436876297,13.0,24.0,58.0,24.0
91.22010731697083,13.0,25.0,98.0,41.0
91.31338953971863,13.0,26.0,98.0,41.0
91.41618633270264,13.0,27.0,94.0,40.0
91.50939869880676,13.0,28.0,94.0,40.0
91.60933208465576,13.0,29.0,89.0,37.0
91.70248460769653,13.0,30.0,89.0,37.0
91.79565763473511,13.0,31.0,91.0,37.0
91.8887984752655,13.0,32.0,97.0,41.0
91.98517537117004,13.0,33.0,97.0,41.0
92.07841610908508,13.0,34.0,93.0,39.0
92.1716251373291,13.0,35.0,93.0,39.0
92.2648618221283,13.0,36.0,94.0,39.0
92.35792946815491,13.0,37.0,94.0,39.0
92.46301674842834,13.0,38.0,88.0,36.0
92.55626797676086,13.0,39.0,97.0,41.0
92.66096043586731,13.0,40.0,97.0,41.0
92.79138040542603,13.0,41.0,65.0,27.0
92.88465285301208,13.0,42.0,97.0,41.0
92.99020099639893,13.0,43.0,97.0,41.0
93.0882019996643,13.0,44.0,87.0,37.0
93.1815094947815,13.0,45.0,87.0,37.0
93.27459216117859,13.0,46.0,92.0,38.0
93.38118553161621,13.0,47.0,92.0,38.0
93.4743320941925,13.0,48.0,87.0,36.0
93.56754279136658,13.0,49.0,97.0,41.0
93.67119812965393,13.0,50.0,97.0,41.0
93.76621222496033,13.0,51.0,88.0,37.0
93.85928964614868,13.0,52.0,88.0,37.0
93.95241189002991,13.0,53.0,93.0,40.0
94.04550170898438,13.0,54.0,93.0,40.0
94.138680934906,13.0,55.0,95.0,39.0
94.23192644119263,13.0,56.0,97.0,41.0
94.32821869850159,13.0,57.0,97.0,41.0
94.42159962654114,13.0,58.0,93.0,39.0
94.51500368118286,13.0,59.0,93.0,39.0
94.60803055763245,13.0,60.0,94.0,39.0
94.70105814933777,13.0,61.0,94.0,39.0
94.7940022945404,13.0,62.0,95.0,40.0
94.93725371360779,13.0,63.0,71.0,30.0
95.03032040596008,13.0,64.0,71.0,30.0
95.12401533126831,13.0,65.0,91.0,38.0
95.2164831161499,13.0,66.0,91.0,38.0
95.30990409851074,13.0,67.0,95.0,39.0
95.4137716293335,13.0,68.0,91.0,39.0
95.51939511299133,13.0,69.0,91.0,39.0
95.62288403511047,13.0,70.0,81.0,34.0
95.75421404838562,13.0,71.0,76.0,32.0
95.86721062660217,13.0,72.0,76.0,32.0
96.03645849227905,13.0,73.0,67.0,27.0
96.12920260429382,13.0,74.0,66.0,29.0
96.22242665290833,13.0,75.0,66.0,29.0
96.3229308128357,13.0,76.0,93.0,38.0
96.42519068717957,13.0,77.0,95.0,40.0
96.51843976974487,13.0,78.0,95.0,40.0
96.61149334907532,13.0,79.0,89.0,37.0
96.70440649986267,13.0,80.0,89.0,37.0
96.79756355285645,13.0,81.0,95.0,40.0
96.95241856575012,13.0,82.0,60.0,25.0
97.08953952789307,13.0,83.0,71.0,30.0
97.18721175193787,13.0,84.0,71.0,30.0
97.2807981967926,13.0,85.0,92.0,38.0
97.37423181533813,13.0,86.0,92.0,38.0
97.46752047538757,13.0,87.0,94.0,40.0
97.5606541633606,13.0,88.0,94.0,40.0
97.65381813049316,13.0,89.0,95.0,39.0
97.7472631931305,13.0,90.0,97.0,41.0
97.84060096740723,13.0,91.0,97.0,41.0
97.93675804138184,13.0,92.0,94.0,40.0
98.08830165863037,13.0,93.0,61.0,25.0
98.18128395080566,13.0,94.0,61.0,25.0
98.27407431602478,13.0,95.0,95.0,40.0
98.36688542366028,13.0,96.0,95.0,40.0
98.43146586418152,13.0,97.0,95.0,39.0
99.06507539749146,13.0,0.0,0.0,0.0
99.40932583808899,13.0,1.0,0.0,0.0
99.44146275520325,13.0,2.0,14.0,7.0
99.52900838851929,13.0,3.0,14.0,7.0
99.56027698516846,13.0,4.0,14.0,7.0
99.6384539604187,13.0,5.0,41.0,21.0
99.66529750823975,13.0,6.0,41.0,21.0
99.6927239894867,13.0,7.0,41.0,21.0
99.72001719474792,13.0,8.0,41.0,21.0
99.78832626342773,13.0,9.0,55.0,28.0
99.81652355194092,13.0,10.0,55.0,28.0
99.99346923828125,13.0,11.0,28.0,14.0
100.04697966575623,13.0,12.0,28.0,14.0
100.08326840400696,13.0,13.0,38.0,20.0
100.11724901199341,13.0,14.0,38.0,20.0
100.1889820098877,13.0,15.0,38.0,20.0
100.21639275550842,13.0,16.0,38.0,20.0
100.24356079101562,13.0,17.0,38.0,20.0
100.27060914039612,13.0,18.0,58.0,29.0
100.29029870033264,13.0,19.0,58.0,29.0
100.99452781677246,14.0,0.0,5.0,2.0
101.46726274490356,14.0,1.0,23.0,10.0
101.56031060218811,14.0,2.0,23.0,10.0
101.71090340614319,14.0,3.0,83.0,34.0
101.82573819160461,14.0,4.0,62.0,26.0
101.92332220077515,14.0,5.0,97.0,41.0
102.01718831062317,14.0,6.0,97.0,41.0
102.11046862602234,14.0,7.0,92.0,39.0
102.20378804206848,14.0,8.0,92.0,39.0
102.29687809944153,14.0,9.0,94.0,39.0
102.3971962928772,14.0,10.0,94.0,39.0
102.49533724784851,14.0,11.0,90.0,38.0
102.58844780921936,14.0,12.0,94.0,39.0
102.68170237541199,14.0,13.0,94.0,39.0
102.7748429775238,14.0,14.0,95.0,40.0
102.86798214912415,14.0,15.0,95.0,40.0
102.96320581436157,14.0,16.0,94.0,39.0
103.05648279190063,14.0,17.0,94.0,39.0
103.14972424507141,14.0,18.0,93.0,39.0
103.24330854415894,14.0,19.0,93.0,39.0
103.33780241012573,14.0,20.0,94.0,38.0
103.43241500854492,14.0,21.0,96.0,41.0
103.53628849983215,14.0,22.0,96.0,41.0
103.63025689125061,14.0,23.0,88.0,37.0
103.72428607940674,14.0,24.0,88.0,37.0
103.81832122802734,14.0,25.0,94.0,39.0
103.91287279129028,14.0,26.0,94.0,39.0
104.0067310333252,14.0,27.0,93.0,38.0
104.10057020187378,14.0,28.0,97.0,41.0
104.29620003700256,14.0,29.0,36.0,15.0
104.38981580734253,14.0,30.0,36.0,15.0
104.48820209503174,14.0,31.0,94.0,39.0
104.58157753944397,14.0,32.0,94.0,39.0
104.67479014396667,14.0,33.0,92.0,38.0
104.77317190170288,14.0,34.0,97.0,41.0
104.86628794670105,14.0,35.0,97.0,41.0
104.95949673652649,14.0,36.0,92.0,39.0
105.05418992042542,14.0,37.0,92.0,39.0
105.1474723815918,14.0,38.0,94.0,39.0
105.2406222820282,14.0,39.0,94.0,39.0
105.33720374107361,14.0,40.0,95.0,40.0
105.44119668006897,14.0,41.0,94.0,39.0
105.54420065879822,14.0,42.0,94.0,39.0
105.64420294761658,14.0,43.0,83.0,35.0
105.73745107650757,14.0,44.0,83.0,35.0
105.83061265945435,14.0,45.0,91.0,38.0
105.9239342212677,14.0,46.0,91.0,38.0
106.01703810691833,14.0,47.0,94.0,38.0
106.12997817993164,14.0,48.0,85.0,37.0
106.22313141822815,14.0,49.0,85.0,37.0
106.31622862815857,14.0,50.0,95.0,39.0
106.40923953056335,14.0,51.0,95.0,39.0
106.51098418235779,14.0,52.0,95.0,40.0
106.6141951084137,14.0,53.0,88.0,37.0
106.76275110244751,14.0,54.0,88.0,37.0
106.85534429550171,14.0,55.0,60.0,25.0
106.94858002662659,14.0,56.0,97.0,41.0
107.04228401184082,14.0,57.0,97.0,41.0
107.13550353050232,14.0,58.0,94.0,40.0
107.22872257232666,14.0,59.0,94.0,40.0
107.32518410682678,14.0,60.0,95.0,39.0
107.42020058631897,14.0,61.0,95.0,39.0
107.51340889930725,14.0,62.0,91.0,38.0
107.61218690872192,14.0,63.0,97.0,41.0
107.70547795295715,14.0,64.0,97.0,41.0
107.79859328269958,14.0,65.0,91.0,39.0
107.89719820022583,14.0,66.0,91.0,39.0
107.99218273162842,14.0,67.0,91.0,38.0
108.09619212150574,14.0,68.0,91.0,38.0
108.18938565254211,14.0,69.0,87.0,36.0
108.28251218795776,14.0,70.0,97.0,41.0
108.37558221817017,14.0,71.0,97.0,41.0
108.46869611740112,14.0,72.0,95.0,40.0
108.56227421760559,14.0,73.0,95.0,40.0
108.65533781051636,14.0,74.0,94.0,39.0
108.75787115097046,14.0,75.0,94.0,39.0
108.85401272773743,14.0,76.0,87.0,36.0
108.94701504707336,14.0,77.0,97.0,41.0
109.04008269309998,14.0,78.0,97.0,41.0
109.13796353340149,14.0,79.0,92.0,39.0
109.25822234153748,14.0,80.0,92.0,39.0
109.40921664237976,14.0,81.0,69.0,28.0
109.57020950317383,14.0,82.0,53.0,22.0
109.6628532409668,14.0,83.0,76.0,32.0
109.77814960479736,14.0,84.0,76.0,32.0
109.87145495414734,14.0,85.0,83.0,34.0
109.97737169265747,14.0,86.0,88.0,38.0
110.06992149353027,14.0,87.0,88.0,38.0
110.16296482086182,14.0,88.0,95.0,39.0
110.2559802532196,14.0,89.0,95.0,39.0
110.39684104919434,14.0,90.0,82.0,34.0
110.49011850357056,14.0,91.0,82.0,35.0
110.58330941200256,14.0,92.0,82.0,35.0
110.6781976222992,14.0,93.0,94.0,40.0
110.77132439613342,14.0,94.0,94.0,40.0
110.86427092552185,14.0,95.0,94.0,39.0
110.95702385902405,14.0,96.0,97.0,41.0
111.02153062820435,14.0,97.0,97.0,41.0
111.82370662689209,14.0,0.0,0.0,0.0
111.97285795211792,14.0,1.0,17.0,8.0
112.00514507293701,14.0,2.0,17.0,8.0
112.09634256362915,14.0,3.0,17.0,8.0
112.12520384788513,14.0,4.0,51.0,26.0
112.1854043006897,14.0,5.0,51.0,26.0
112.22019290924072,14.0,6.0,51.0,26.0
112.26932263374329,14.0,7.0,51.0,26.0
112.30518746376038,14.0,8.0,51.0,26.0
112.39905714988708,14.0,9.0,51.0,26.0
112.43422675132751,14.0,10.0,51.0,26.0
112.48818159103394,14.0,11.0,32.0,16.0
112.51717948913574,14.0,12.0,32.0,16.0
112.57729983329773,14.0,13.0,32.0,16.0
112.61330533027649,14.0,14.0,32.0,16.0
112.69948315620422,14.0,15.0,55.0,28.0
112.7272002696991,14.0,16.0,55.0,28.0
112.75436663627625,14.0,17.0,55.0,28.0
112.78088140487671,14.0,18.0,55.0,28.0
112.79783773422241,14.0,19.0,59.0,30.0
113.6832799911499,15.0,0.0,20.0,9.0
114.00407910346985,15.0,1.0,28.0,12.0
114.10921263694763,15.0,2.0,28.0,12.0
114.2026720046997,15.0,3.0,87.0,36.0
114.30834484100342,15.0,4.0,90.0,38.0
114.41472673416138,15.0,5.0,90.0,38.0
114.50796103477478,15.0,6.0,87.0,36.0
114.60191440582275,15.0,7.0,87.0,36.0
114.6943256855011,15.0,8.0,94.0,40.0
114.79586148262024,15.0,9.0,94.0,40.0
114.88894319534302,15.0,10.0,90.0,37.0
114.98813509941101,15.0,11.0,93.0,40.0
115.09931063652039,15.0,12.0,93.0,40.0
115.24218845367432,15.0,13.0,65.0,27.0
115.34719610214233,15.0,14.0,85.0,36.0
115.44041395187378,15.0,15.0,85.0,36.0
115.53819537162781,15.0,16.0,88.0,37.0
115.63818836212158,15.0,17.0,92.0,38.0
115.74199557304382,15.0,18.0,92.0,38.0
115.83512496948242,15.0,19.0,87.0,37.0
115.92826104164124,15.0,20.0,87.0,37.0
116.03319811820984,15.0,21.0,94.0,39.0
116.15876173973083,15.0,22.0,71.0,30.0
116.25188064575195,15.0,23.0,71.0,30.0
116.35844540596008,15.0,24.0,87.0,36.0
116.45105409622192,15.0,25.0,87.0,36.0
116.5560097694397,15.0,26.0,88.0,36.0
116.64900064468384,15.0,27.0,97.0,41.0
116.74193501472473,15.0,28.0,97.0,41.0
116.86422944068909,15.0,29.0,82.0,34.0
117.00213384628296,15.0,30.0,66.0,28.0
117.11290836334229,15.0,31.0,66.0,28.0
117.21719861030579,15.0,32.0,84.0,36.0
117.31036806106567,15.0,33.0,90.0,37.0
117.40360951423645,15.0,34.0,90.0,37.0
117.50522232055664,15.0,35.0,95.0,40.0
117.60918855667114,15.0,36.0,95.0,40.0
117.70528745651245,15.0,37.0,83.0,35.0
117.79835343360901,15.0,38.0,83.0,35.0
117.8962025642395,15.0,39.0,93.0,38.0
117.99296307563782,15.0,40.0,94.0,40.0
118.0862066745758,15.0,41.0,94.0,40.0
118.17965793609619,15.0,42.0,92.0,39.0
118.2891628742218,15.0,43.0,92.0,39.0
118.38229036331177,15.0,44.0,85.0,35.0
118.47550582885742,15.0,45.0,85.0,35.0
118.56895279884338,15.0,46.0,95.0,39.0
118.66193556785583,15.0,47.0,97.0,41.0
118.75685501098633,15.0,48.0,97.0,41.0
118.8496778011322,15.0,49.0,94.0,39.0
118.94265508651733,15.0,50.0,94.0,39.0
119.03603720664978,15.0,51.0,95.0,40.0
119.13218760490417,15.0,52.0,95.0,40.0
119.36297011375427,15.0,53.0,25.0,11.0
119.45573353767395,15.0,54.0,25.0,11.0
119.5491898059845,15.0,55.0,95.0,40.0
119.66002535820007,15.0,56.0,87.0,36.0
119.76386094093323,15.0,57.0,87.0,36.0
119.85689926147461,15.0,58.0,88.0,37.0
119.95001912117004,15.0,59.0,88.0,37.0
120.04304051399231,15.0,60.0,95.0,40.0
120.13597965240479,15.0,61.0,95.0,40.0
120.22898387908936,15.0,62.0,95.0,39.0
120.32202482223511,15.0,63.0,97.0,41.0
120.43033790588379,15.0,64.0,97.0,41.0
120.53977012634277,15.0,65.0,76.0,32.0
120.7582483291626,15.0,66.0,31.0,13.0
120.85164833068848,15.0,67.0,88.0,38.0
120.96432495117188,15.0,68.0,88.0,38.0
121.0574221611023,15.0,69.0,83.0,34.0
121.16019105911255,15.0,70.0,94.0,39.0
121.25519251823425,15.0,71.0,94.0,39.0
121.3612072467804,15.0,72.0,91.0,39.0
121.45449709892273,15.0,73.0,91.0,39.0
121.54776310920715,15.0,74.0,87.0,36.0
121.64619588851929,15.0,75.0,87.0,36.0
121.73932433128357,15.0,76.0,91.0,38.0
121.83241367340088,15.0,77.0,97.0,41.0
121.92590808868408,15.0,78.0,97.0,41.0
122.01928329467773,15.0,79.0,94.0,40.0
122.11505842208862,15.0,80.0,94.0,40.0
122.27294588088989,15.0,81.0,69.0,28.0
122.37701916694641,15.0,82.0,76.0,32.0
122.47940373420715,15.0,83.0,76.0,32.0
122.58297038078308,15.0,84.0,89.0,37.0
122.67616891860962,15.0,85.0,91.0,39.0
122.7714512348175,15.0,86.0,91.0,39.0
122.86460995674133,15.0,87.0,93.0,39.0
122.95783615112305,15.0,88.0,93.0,39.0
123.0527081489563,15.0,89.0,95.0,40.0
123.14728784561157,15.0,90.0,95.0,40.0
123.24145364761353,15.0,91.0,92.0,38.0
123.34834098815918,15.0,92.0,97.0,41.0
123.44320106506348,15.0,93.0,97.0,41.0
123.53735399246216,15.0,94.0,85.0,36.0
123.63135266304016,15.0,95.0,85.0,36.0
123.72549843788147,15.0,96.0,93.0,39.0
123.79136419296265,15.0,97.0,93.0,39.0
124.69797277450562,15.0,0.0,0.0,0.0
124.72806143760681,15.0,1.0,0.0,0.0
124.75718855857849,15.0,2.0,0.0,0.0
124.94527339935303,15.0,3.0,41.0,21.0
124.98226237297058,15.0,4.0,41.0,21.0
125.04301977157593,15.0,5.0,28.0,14.0
125.08419275283813,15.0,6.0,28.0,14.0
125.16195273399353,15.0,7.0,28.0,14.0
125.18941855430603,15.0,8.0,44.0,22.0
125.21763491630554,15.0,9.0,44.0,22.0
125.2456316947937,15.0,10.0,44.0,22.0
125.30233836174011,15.0,11.0,44.0,22.0
125.33518671989441,15.0,12.0,44.0,22.0
125.51193881034851,15.0,13.0,10.0,6.0
125.54020428657532,15.0,14.0,10.0,6.0
125.56821370124817,15.0,15.0,10.0,6.0
125.59799480438232,15.0,16.0,10.0,6.0
125.65908479690552,15.0,17.0,10.0,6.0
125.69407343864441,15.0,18.0,60.0,30.0
125.71221423149109,15.0,19.0,60.0,30.0
126.74064517021179,16.0,0.0,19.0,8.0
126.84799838066101,16.0,1.0,87.0,36.0
126.96616077423096,16.0,2.0,87.0,36.0
127.05872559547424,16.0,3.0,80.0,34.0
127.15204524993896,16.0,4.0,80.0,34.0
127.24560403823853,16.0,5.0,94.0,40.0
127.34119248390198,16.0,6.0,94.0,40.0
127.43956661224365,16.0,7.0,90.0,37.0
127.53269648551941,16.0,8.0,97.0,41.0
127.62568807601929,16.0,9.0,97.0,41.0
127.72892332077026,16.0,10.0,89.0,37.0
127.82227683067322,16.0,11.0,89.0,37.0
127.9154965877533,16.0,12.0,94.0,40.0
128.01422023773193,16.0,13.0,94.0,40.0
128.1072428226471,16.0,14.0,91.0,37.0
128.2004144191742,16.0,15.0,97.0,41.0
128.29345631599426,16.0,16.0,97.0,41.0
128.3868968486786,16.0,17.0,94.0,40.0
128.51563262939453,16.0,18.0,94.0,40.0
128.63493967056274,16.0,19.0,68.0,28.0
128.7602024078369,16.0,20.0,73.0,31.0
128.9478919506073,16.0,21.0,36.0,15.0
129.0917088985443,16.0,22.0,67.0,29.0
129.18423318862915,16.0,23.0,67.0,29.0
129.282616853714,16.0,24.0,92.0,38.0
129.37510871887207,16.0,25.0,98.0,41.0
129.46832704544067,16.0,26.0,98.0,41.0
129.57291054725647,16.0,27.0,88.0,37.0
129.66605162620544,16.0,28.0,88.0,37.0
129.76193952560425,16.0,29.0,93.0,39.0
129.86816024780273,16.0,30.0,93.0,39.0
130.0001904964447,16.0,31.0,83.0,34.0
130.1172649860382,16.0,32.0,68.0,29.0
130.2462010383606,16.0,33.0,75.0,31.0
130.33887124061584,16.0,34.0,75.0,31.0
130.4362030029297,16.0,35.0,93.0,38.0
130.5295054912567,16.0,36.0,93.0,38.0
130.63018822669983,16.0,37.0,92.0,39.0
130.72738552093506,16.0,38.0,92.0,38.0
130.82058143615723,16.0,39.0,92.0,38.0
130.91373443603516,16.0,40.0,93.0,39.0
131.00686979293823,16.0,41.0,93.0,39.0
131.1000428199768,16.0,42.0,95.0,40.0
131.19617772102356,16.0,43.0,95.0,40.0
131.3022003173828,16.0,44.0,93.0,39.0
131.3958122730255,16.0,45.0,93.0,39.0
131.48925113677979,16.0,46.0,87.0,36.0
131.58253169059753,16.0,47.0,97.0,41.0
131.71787762641907,16.0,48.0,97.0,41.0
131.81220054626465,16.0,49.0,70.0,29.0
131.90542078018188,16.0,50.0,70.0,29.0
132.00817370414734,16.0,51.0,94.0,39.0
132.10152912139893,16.0,52.0,92.0,39.0
132.19461679458618,16.0,53.0,92.0,39.0
132.28765726089478,16.0,54.0,95.0,40.0
132.38978362083435,16.0,55.0,95.0,40.0
132.4828236103058,16.0,56.0,89.0,37.0
132.57575011253357,16.0,57.0,89.0,37.0
132.6709897518158,16.0,58.0,94.0,39.0
132.76431584358215,16.0,59.0,94.0,39.0
132.8680441379547,16.0,60.0,97.0,40.0
132.96605253219604,16.0,61.0,86.0,37.0
133.085209608078,16.0,62.0,86.0,37.0
133.24322175979614,16.0,63.0,70.0,29.0
133.3878116607666,16.0,64.0,52.0,22.0
133.4942946434021,16.0,65.0,75.0,32.0
133.58748698234558,16.0,66.0,75.0,32.0
133.69092917442322,16.0,67.0,89.0,37.0
133.78991723060608,16.0,68.0,94.0,40.0
133.88987350463867,16.0,69.0,94.0,40.0
133.98435831069946,16.0,70.0,90.0,38.0
134.09519505500793,16.0,71.0,90.0,38.0
134.25393795967102,16.0,72.0,70.0,28.0
134.34713912010193,16.0,73.0,73.0,31.0
134.44036269187927,16.0,74.0,73.0,31.0
134.55189990997314,16.0,75.0,84.0,35.0
134.64492273330688,16.0,76.0,97.0,41.0
134.7458655834198,16.0,77.0,97.0,41.0
134.8389971256256,16.0,78.0,90.0,38.0
134.9320752620697,16.0,79.0,90.0,38.0
135.02523684501648,16.0,80.0,95.0,39.0
135.11821961402893,16.0,81.0,95.0,39.0
135.2111918926239,16.0,82.0,95.0,40.0
135.34485292434692,16.0,83.0,74.0,31.0
135.44602990150452,16.0,84.0,74.0,31.0
135.60297989845276,16.0,85.0,72.0,29.0
135.724214553833,16.0,86.0,65.0,28.0
135.87401843070984,16.0,87.0,60.0,25.0
135.96654891967773,16.0,88.0,60.0,25.0
136.0682201385498,16.0,89.0,95.0,39.0
136.1904525756836,16.0,90.0,75.0,32.0
136.28367567062378,16.0,91.0,75.0,32.0
136.37702178955078,16.0,92.0,94.0,39.0
136.4709107875824,16.0,93.0,94.0,39.0
136.58604192733765,16.0,94.0,84.0,35.0
136.67895889282227,16.0,95.0,94.0,40.0
136.7722406387329,16.0,96.0,94.0,40.0
136.83621764183044,16.0,97.0,95.0,39.0
137.47381353378296,16.0,0.0,0.0,0.0
137.80419516563416,16.0,1.0,0.0,0.0
137.8312029838562,16.0,2.0,27.0,14.0
137.9570107460022,16.0,3.0,27.0,14.0
137.98861622810364,16.0,4.0,27.0,14.0
138.08965277671814,16.0,5.0,28.0,14.0
138.12726998329163,16.0,6.0,28.0,14.0
138.1762616634369,16.0,7.0,34.0,17.0
138.2031593322754,16.0,8.0,34.0,17.0
138.250182390213,16.0,9.0,34.0,17.0
138.2832396030426,16.0,10.0,34.0,17.0
138.3840250968933,16.0,11.0,48.0,24.0
138.41077733039856,16.0,12.0,48.0,24.0
138.50237894058228,16.0,13.0,39.0,20.0
138.52916073799133,16.0,14.0,39.0,20.0
138.5892403125763,16.0,15.0,39.0,20.0
138.6164472103119,16.0,16.0,39.0,20.0
138.66713690757751,16.0,17.0,57.0,28.0
138.6936972141266,16.0,18.0,57.0,28.0
138.7107093334198,16.0,19.0,57.0,28.0
139.53549242019653,17.0,0.0,34.0,15.0
139.82304048538208,17.0,1.0,19.0,7.0
139.9158809185028,17.0,2.0,60.0,25.0
140.05023074150085,17.0,3.0,77.0,33.0
140.14303159713745,17.0,4.0,77.0,33.0
140.2658588886261,17.0,5.0,75.0,31.0
140.3592460155487,17.0,6.0,95.0,40.0
140.4761941432953,17.0,7.0,95.0,40.0
140.56873536109924,17.0,8.0,81.0,34.0
140.66401958465576,17.0,9.0,81.0,34.0
140.76196455955505,17.0,10.0,90.0,37.0
140.8548812866211,17.0,11.0,97.0,41.0
140.94847679138184,17.0,12.0,97.0,41.0
141.04140877723694,17.0,13.0,94.0,40.0
141.17319774627686,17.0,14.0,94.0,40.0
141.28241991996765,17.0,15.0,72.0,29.0
141.40696263313293,17.0,16.0,68.0,29.0
141.51246404647827,17.0,17.0,90.0,37.0
141.60570645332336,17.0,18.0,90.0,37.0
141.7112159729004,17.0,19.0,94.0,40.0
141.8044195175171,17.0,20.0,94.0,40.0
141.90150928497314,17.0,21.0,85.0,35.0
141.9946572780609,17.0,22.0,85.0,35.0
142.08776783943176,17.0,23.0,95.0,39.0
142.1816384792328,17.0,24.0,97.0,41.0
142.27536606788635,17.0,25.0,97.0,41.0
142.36962246894836,17.0,26.0,94.0,40.0
142.46321487426758,17.0,27.0,94.0,40.0
142.55688333511353,17.0,28.0,94.0,39.0
142.65051555633545,17.0,29.0,94.0,39.0
142.75622820854187,17.0,30.0,87.0,36.0
142.87032842636108,17.0,31.0,85.0,36.0
142.9641149044037,17.0,32.0,85.0,36.0
143.05841898918152,17.0,33.0,93.0,39.0
143.16441917419434,17.0,34.0,93.0,39.0
143.34098315238953,17.0,35.0,78.0,32.0
143.43546342849731,17.0,36.0,56.0,23.0
143.55160188674927,17.0,37.0,83.0,36.0
143.644948720932,17.0,38.0,83.0,36.0
143.739098072052,17.0,39.0,94.0,39.0
143.83323550224304,17.0,40.0,94.0,39.0
143.9373323917389,17.0,41.0,93.0,39.0
144.03154492378235,17.0,42.0,91.0,38.0
144.13356733322144,17.0,43.0,91.0,38.0
144.23156833648682,17.0,44.0,86.0,36.0
144.330335855484,17.0,45.0,86.0,36.0
144.42453241348267,17.0,46.0,91.0,38.0
144.5293264389038,17.0,47.0,94.0,39.0
144.62344646453857,17.0,48.0,94.0,39.0
144.71721482276917,17.0,49.0,90.0,38.0
144.81133913993835,17.0,50.0,90.0,38.0
144.9054012298584,17.0,51.0,93.0,39.0
145.01269221305847,17.0,52.0,93.0,39.0
145.10669779777527,17.0,53.0,86.0,36.0
145.2007040977478,17.0,54.0,97.0,41.0
145.29444026947021,17.0,55.0,97.0,41.0
145.39021563529968,17.0,56.0,94.0,40.0
145.48359942436218,17.0,57.0,94.0,40.0
145.5768609046936,17.0,58.0,93.0,39.0
145.67013001441956,17.0,59.0,93.0,39.0
145.76341795921326,17.0,60.0,94.0,39.0
145.8579227924347,17.0,61.0,94.0,39.0
145.95397996902466,17.0,62.0,95.0,40.0
146.064218044281,17.0,63.0,87.0,37.0
146.16590309143066,17.0,64.0,87.0,37.0
146.299875497818,17.0,65.0,72.0,29.0
146.39336848258972,17.0,66.0,87.0,37.0
146.50955247879028,17.0,67.0,87.0,37.0
146.60216116905212,17.0,68.0,81.0,33.0
146.69580006599426,17.0,69.0,81.0,33.0
146.80225706100464,17.0,70.0,96.0,40.0
146.89562606811523,17.0,71.0,87.0,37.0
146.98895120620728,17.0,72.0,87.0,37.0
147.08640003204346,17.0,73.0,92.0,39.0
147.18055701255798,17.0,74.0,92.0,39.0
147.2812807559967,17.0,75.0,93.0,38.0
147.38520407676697,17.0,76.0,93.0,39.0
147.47843027114868,17.0,77.0,93.0,39.0
147.57170033454895,17.0,78.0,88.0,37.0
147.6649570465088,17.0,79.0,88.0,37.0
147.75811576843262,17.0,80.0,94.0,40.0
147.85920310020447,17.0,81.0,94.0,40.0
147.95234775543213,17.0,82.0,90.0,37.0
148.04537677764893,17.0,83.0,97.0,41.0
148.13859033584595,17.0,84.0,97.0,41.0
148.2315549850464,17.0,85.0,95.0,40.0
148.34220552444458,17.0,86.0,95.0,40.0
148.4354476928711,17.0,87.0,84.0,35.0
148.52866411209106,17.0,88.0,84.0,35.0
148.62622165679932,17.0,89.0,95.0,39.0
148.71933221817017,17.0,90.0,95.0,40.0
148.8124725818634,17.0,91.0,95.0,40.0
148.9101836681366,17.0,92.0,95.0,40.0
149.01116394996643,17.0,93.0,95.0,40.0
149.1041340827942,17.0,94.0,87.0,37.0
149.19695854187012,17.0,95.0,87.0,37.0
149.2897207736969,17.0,96.0,95.0,39.0
149.35429668426514,17.0,97.0,95.0,39.0
150.14283776283264,17.0,0.0,0.0,0.0
150.2953052520752,17.0,1.0,14.0,7.0
150.36623096466064,17.0,2.0,14.0,7.0
150.42056441307068,17.0,3.0,28.0,14.0
150.45259046554565,17.0,4.0,28.0,14.0
150.5262110233307,17.0,5.0,28.0,14.0
150.56419467926025,17.0,6.0,43.0,22.0
150.61336493492126,17.0,7.0,43.0,22.0
150.6549711227417,17.0,8.0,43.0,22.0
150.7320384979248,17.0,9.0,41.0,21.0
150.75884461402893,17.0,10.0,41.0,21.0
150.8104977607727,17.0,11.0,41.0,21.0
150.8373041152954,17.0,12.0,41.0,21.0
150.89727663993835,17.0,13.0,56.0,29.0
150.93419194221497,17.0,14.0,56.0,29.0
151.02333211898804,17.0,15.0,56.0,29.0
151.05000805854797,17.0,16.0,50.0,26.0
151.07750988006592,17.0,17.0,50.0,26.0
151.10406064987183,17.0,18.0,50.0,26.0
151.12100219726562,17.0,19.0,50.0,26.0
152.165602684021,18.0,0.0,0.0,0.0
152.26322531700134,18.0,1.0,80.0,34.0
152.36707830429077,18.0,2.0,80.0,34.0
152.46036577224731,18.0,3.0,87.0,36.0
152.55362629890442,18.0,4.0,97.0,41.0
152.65919828414917,18.0,5.0,97.0,41.0
152.75243425369263,18.0,6.0,87.0,37.0
152.8456358909607,18.0,7.0,87.0,37.0
152.93872165679932,18.0,8.0,95.0,39.0
153.03818321228027,18.0,9.0,95.0,39.0
153.15061736106873,18.0,10.0,91.0,38.0
153.2436556816101,18.0,11.0,86.0,37.0
153.3367292881012,18.0,12.0,86.0,37.0
153.42987251281738,18.0,13.0,95.0,39.0
153.52314686775208,18.0,14.0,95.0,39.0
153.6165416240692,18.0,15.0,94.0,40.0
153.70975804328918,18.0,16.0,94.0,40.0
153.8091926574707,18.0,17.0,95.0,39.0
153.90237140655518,18.0,18.0,94.0,40.0
153.9956829547882,18.0,19.0,94.0,40.0
154.0921778678894,18.0,20.0,94.0,40.0
154.18585228919983,18.0,21.0,94.0,40.0
154.2789535522461,18.0,22.0,92.0,38.0
154.38019323349,18.0,23.0,92.0,38.0
154.4734241962433,18.0,24.0,90.0,37.0
154.56654357910156,18.0,25.0,97.0,41.0
154.66465187072754,18.0,26.0,97.0,41.0
154.75783586502075,18.0,27.0,92.0,39.0
154.8741912841797,18.0,28.0,92.0,39.0
154.96734976768494,18.0,29.0,81.0,33.0
155.07971835136414,18.0,30.0,97.0,41.0
155.172837972641,18.0,31.0,97.0,41.0
155.265930891037,18.0,32.0,83.0,35.0
155.35912537574768,18.0,33.0,83.0,35.0
155.4523048400879,18.0,34.0,95.0,40.0
155.54546475410461,18.0,35.0,95.0,40.0
155.6431770324707,18.0,36.0,95.0,39.0
155.74119400978088,18.0,37.0,95.0,40.0
155.83429718017578,18.0,38.0,95.0,40.0
155.9274389743805,18.0,39.0,92.0,39.0
156.02062964439392,18.0,40.0,92.0,39.0
156.12683963775635,18.0,41.0,95.0,39.0
156.22033190727234,18.0,42.0,95.0,39.0
156.31339192390442,18.0,43.0,87.0,36.0
156.406480550766,18.0,44.0,97.0,41.0
156.51719880104065,18.0,45.0,97.0,41.0
156.61029958724976,18.0,46.0,84.0,35.0
156.70327949523926,18.0,47.0,84.0,35.0
156.79622316360474,18.0,48.0,95.0,40.0
156.89490175247192,18.0,49.0,95.0,40.0
156.98788785934448,18.0,50.0,91.0,37.0
157.08485388755798,18.0,51.0,95.0,40.0
157.20285940170288,18.0,52.0,95.0,40.0
157.31170773506165,18.0,53.0,70.0,29.0
157.51524710655212,18.0,54.0,46.0,19.0
157.60863590240479,18.0,55.0,83.0,35.0
157.73345255851746,18.0,56.0,83.0,35.0
157.82607054710388,18.0,57.0,76.0,32.0
157.92219138145447,18.0,58.0,97.0,41.0
158.01819467544556,18.0,59.0,97.0,41.0
158.1151943206787,18.0,60.0,91.0,38.0
158.21221470832825,18.0,61.0,91.0,38.0
158.31719255447388,18.0,62.0,90.0,38.0
158.410391330719,18.0,63.0,90.0,38.0
158.50345730781555,18.0,64.0,90.0,38.0
158.60489892959595,18.0,65.0,90.0,38.0
158.72236466407776,18.0,66.0,90.0,38.0
158.81578135490417,18.0,67.0,80.0,33.0
158.9091601371765,18.0,68.0,97.0,41.0
159.00234866142273,18.0,69.0,97.0,41.0
159.09891080856323,18.0,70.0,92.0,39.0
159.20080256462097,18.0,71.0,92.0,39.0
159.2982006072998,18.0,72.0,89.0,37.0
159.39137887954712,18.0,73.0,89.0,37.0
159.48458003997803,18.0,74.0,92.0,38.0
159.57769656181335,18.0,75.0,97.0,41.0
159.6708846092224,18.0,76.0,97.0,41.0
159.7642035484314,18.0,77.0,95.0,40.0
159.85735297203064,18.0,78.0,95.0,40.0
159.95059466362,18.0,79.0,95.0,39.0
160.04369187355042,18.0,80.0,95.0,39.0
160.13682579994202,18.0,81.0,95.0,40.0
160.22993922233582,18.0,82.0,95.0,40.0
160.32312512397766,18.0,83.0,95.0,39.0
160.41628122329712,18.0,84.0,97.0,41.0
160.50944352149963,18.0,85.0,97.0,41.0
160.61304903030396,18.0,86.0,88.0,37.0
160.70613598823547,18.0,87.0,88.0,37.0
160.80219173431396,18.0,88.0,94.0,39.0
160.90537858009338,18.0,89.0,94.0,39.0
161.0090048313141,18.0,90.0,84.0,35.0
161.11226963996887,18.0,91.0,95.0,40.0
161.21240067481995,18.0,92.0,95.0,40.0
161.30528712272644,18.0,93.0,85.0,35.0
161.3986701965332,18.0,94.0,85.0,35.0
161.49169850349426,18.0,95.0,94.0,39.0
161.58454012870789,18.0,96.0,94.0,39.0
161.64908289909363,18.0,97.0,97.0,41.0
162.40493893623352,18.0,0.0,0.0,0.0
162.60425996780396,18.0,1.0,5.0,2.0
162.64997148513794,18.0,2.0,5.0,2.0
162.72173619270325,18.0,3.0,5.0,2.0
162.75759267807007,18.0,4.0,50.0,25.0
162.8026282787323,18.0,5.0,50.0,25.0
162.8293581008911,18.0,6.0,50.0,25.0
162.90722274780273,18.0,7.0,50.0,25.0
162.9421992301941,18.0,8.0,49.0,25.0
163.02018904685974,18.0,9.0,49.0,25.0
163.04696798324585,18.0,10.0,49.0,25.0
163.07435941696167,18.0,11.0,49.0,25.0
163.10158109664917,18.0,12.0,55.0,28.0
163.1555676460266,18.0,13.0,55.0,28.0
163.19083547592163,18.0,14.0,55.0,28.0
163.34397768974304,18.0,15.0,34.0,17.0
163.3715693950653,18.0,16.0,34.0,17.0
163.4047772884369,18.0,17.0,34.0,17.0
163.432030916214,18.0,18.0,51.0,26.0
163.44915962219238,18.0,19.0,51.0,26.0
164.44334173202515,19.0,0.0,45.0,19.0
164.55931735038757,19.0,1.0,45.0,19.0
164.68224048614502,19.0,2.0,65.0,26.0
164.78619027137756,19.0,3.0,96.0,41.0
164.87948775291443,19.0,4.0,96.0,41.0
164.97270011901855,19.0,5.0,88.0,37.0
165.06590867042542,19.0,6.0,88.0,37.0
165.16387295722961,19.0,7.0,92.0,39.0
165.25693655014038,19.0,8.0,92.0,39.0
165.3500189781189,19.0,9.0,95.0,39.0
165.49348735809326,19.0,10.0,67.0,29.0
165.58675575256348,19.0,11.0,67.0,29.0
165.68790984153748,19.0,12.0,90.0,37.0
165.7919340133667,19.0,13.0,91.0,39.0
165.88510704040527,19.0,14.0,91.0,39.0
165.978173494339,19.0,15.0,95.0,39.0
166.07126331329346,19.0,16.0,95.0,39.0
166.24543261528015,19.0,17.0,79.0,33.0
166.34621572494507,19.0,18.0,64.0,27.0
166.43951869010925,19.0,19.0,93.0,39.0
166.53264141082764,19.0,20.0,93.0,39.0
166.62577271461487,19.0,21.0,95.0,40.0
166.7192325592041,19.0,22.0,95.0,40.0
166.81520128250122,19.0,23.0,94.0,39.0
166.90843987464905,19.0,24.0,94.0,39.0
167.00425672531128,19.0,25.0,93.0,39.0
167.09763622283936,19.0,26.0,93.0,39.0
167.20625472068787,19.0,27.0,91.0,37.0
167.29936814308167,19.0,28.0,90.0,38.0
167.39419174194336,19.0,29.0,90.0,38.0
167.49556517601013,19.0,30.0,89.0,37.0
167.5886836051941,19.0,31.0,89.0,37.0
167.6818733215332,19.0,32.0,95.0,39.0
167.77540564537048,19.0,33.0,97.0,41.0
167.8686797618866,19.0,34.0,97.0,41.0
167.96199941635132,19.0,35.0,94.0,40.0
168.06721925735474,19.0,36.0,94.0,40.0
168.16036176681519,19.0,37.0,87.0,36.0
168.25351452827454,19.0,38.0,87.0,36.0
168.34918355941772,19.0,39.0,95.0,39.0
168.44517540931702,19.0,40.0,95.0,39.0
168.54421663284302,19.0,41.0,95.0,39.0
168.6401927471161,19.0,42.0,90.0,38.0
168.73361706733704,19.0,43.0,90.0,38.0
168.82671880722046,19.0,44.0,93.0,38.0
168.91992855072021,19.0,45.0,93.0,38.0
169.01292395591736,19.0,46.0,95.0,40.0
169.10601258277893,19.0,47.0,95.0,40.0
169.2569773197174,19.0,48.0,93.0,38.0
169.35018754005432,19.0,49.0,64.0,27.0
169.45488667488098,19.0,50.0,90.0,38.0
169.55798029899597,19.0,51.0,90.0,38.0
169.65121841430664,19.0,52.0,89.0,37.0
169.74972295761108,19.0,53.0,89.0,37.0
169.8427550792694,19.0,54.0,91.0,39.0
169.93573904037476,19.0,55.0,91.0,39.0
170.031236410141,19.0,56.0,93.0,38.0
170.124187707901,19.0,57.0,97.0,41.0
170.233056306839,19.0,58.0,97.0,41.0
170.33789491653442,19.0,59.0,78.0,33.0
170.48295211791992,19.0,60.0,66.0,28.0
170.57650470733643,19.0,61.0,66.0,28.0
170.82719254493713,19.0,62.0,28.0,12.0
170.92053985595703,19.0,63.0,28.0,12.0
171.0137963294983,19.0,64.0,94.0,40.0
171.10687351226807,19.0,65.0,94.0,40.0
171.19991779327393,19.0,66.0,95.0,39.0
171.29305171966553,19.0,67.0,97.0,41.0
171.38613963127136,19.0,68.0,97.0,41.0
171.47988629341125,19.0,69.0,94.0,40.0
171.60027956962585,19.0,70.0,94.0,40.0
171.7302634716034,19.0,71.0,68.0,28.0
171.86834239959717,19.0,72.0,59.0,25.0
171.96131563186646,19.0,73.0,97.0,41.0
172.05560421943665,19.0,74.0,97.0,41.0
172.1484797000885,19.0,75.0,94.0,40.0
172.2451629638672,19.0,76.0,94.0,40.0
172.33963656425476,19.0,77.0,92.0,38.0
172.4338812828064,19.0,78.0,92.0,38.0
172.5369222164154,19.0,79.0,88.0,37.0
172.64611387252808,19.0,80.0,88.0,37.0
172.7403118610382,19.0,81.0,88.0,37.0
172.9120512008667,19.0,82.0,65.0,27.0
173.03131341934204,19.0,83.0,66.0,28.0
173.2151973247528,19.0,84.0,41.0,16.0
173.31633949279785,19.0,85.0,97.0,41.0
173.41038846969604,19.0,86.0,97.0,41.0
173.50446820259094,19.0,87.0,89.0,37.0
173.60528874397278,19.0,88.0,89.0,37.0
173.7023148536682,19.0,89.0,89.0,37.0
173.7963387966156,19.0,90.0,89.0,37.0
173.89033961296082,19.0,91.0,95.0,39.0
173.98440980911255,19.0,92.0,94.0,40.0
174.08329439163208,19.0,93.0,94.0,40.0
174.17726230621338,19.0,94.0,91.0,38.0
174.27108478546143,19.0,95.0,91.0,38.0
174.36501693725586,19.0,96.0,94.0,40.0
174.43074798583984,19.0,97.0,94.0,40.0
175.0813970565796,19.0,0.0,0.0,0.0
175.40358448028564,19.0,1.0,0.0,0.0
175.43074131011963,19.0,2.0,0.0,0.0
175.52911829948425,19.0,3.0,28.0,14.0
175.555983543396,19.0,4.0,28.0,14.0
175.67216110229492,19.0,5.0,27.0,14.0
175.7002091407776,19.0,6.0,27.0,14.0
175.7958118915558,19.0,7.0,27.0,14.0
175.82276582717896,19.0,8.0,44.0,22.0
175.90427160263062,19.0,9.0,44.0,22.0
175.93122911453247,19.0,10.0,44.0,22.0
176.0092794895172,19.0,11.0,39.0,20.0
176.04619002342224,19.0,12.0,39.0,20.0
176.1081986427307,19.0,13.0,39.0,20.0
176.14319157600403,19.0,14.0,55.0,28.0
176.19319224357605,19.0,15.0,55.0,28.0
176.25351095199585,19.0,16.0,55.0,28.0
176.28068614006042,19.0,17.0,55.0,28.0
176.30998277664185,19.0,18.0,53.0,27.0
176.32743787765503,19.0,19.0,53.0,27.0
177.3909912109375,20.0,0.0,11.0,5.0
177.4984700679779,20.0,1.0,83.0,35.0
177.59120225906372,20.0,2.0,83.0,35.0
177.6844298839569,20.0,3.0,95.0,39.0
177.77754855155945,20.0,4.0,95.0,39.0
177.87108182907104,20.0,5.0,94.0,40.0
177.96409440040588,20.0,6.0,94.0,40.0
178.08420586585999,20.0,7.0,89.0,36.0
178.18165063858032,20.0,8.0,85.0,36.0
178.29276418685913,20.0,9.0,85.0,36.0
178.38587403297424,20.0,10.0,84.0,35.0
178.48990869522095,20.0,11.0,91.0,38.0
178.595867395401,20.0,12.0,91.0,38.0
178.68898582458496,20.0,13.0,87.0,36.0
178.7823874950409,20.0,14.0,87.0,36.0
178.87539505958557,20.0,15.0,94.0,40.0
178.97780108451843,20.0,16.0,94.0,40.0
179.0708339214325,20.0,17.0,89.0,37.0
179.1638481616974,20.0,18.0,97.0,41.0
179.2682123184204,20.0,19.0,97.0,41.0
179.36114382743835,20.0,20.0,88.0,37.0
179.5274863243103,20.0,21.0,54.0,22.0
179.6709954738617,20.0,22.0,67.0,28.0
179.84521865844727,20.0,23.0,49.0,21.0
179.93787503242493,20.0,24.0,49.0,21.0
