epoch,train_loss,train_acc,val_loss,val_acc,train_time,val_time
0.0,2.12493099067688,0.23444,1.7481686141967774,0.3647,13.34055757522583,2.0748555660247803
1.0,1.4780362910461426,0.45370000000000005,1.5252999643325806,0.4863,13.48004150390625,2.046100378036499
2.0,1.1066317395210266,0.6009800000000001,1.1853826551437379,0.596,13.562295913696289,2.1048264503479004
3.0,0.8861746896743774,0.6864800000000001,0.8757093381881714,0.7035,13.405760049819946,2.0462419986724854
4.0,0.7506339528083801,0.7407,0.840495942401886,0.7144,13.214377164840698,2.036930561065674
5.0,0.6611977800559997,0.7698600000000001,0.6693913063049316,0.768,13.875602006912231,2.1398801803588867
6.0,0.603159875087738,0.7913800000000001,0.6425171692848206,0.7807000000000001,13.647651433944702,2.1677639484405518
7.0,0.5529710853481292,0.8088400000000001,0.5990946967124939,0.7928000000000001,13.584601640701294,2.1641714572906494
8.0,0.515791880607605,0.8207200000000001,0.6185481768608093,0.7932,13.498680830001831,2.1773056983947754
9.0,0.4781079713916779,0.8338200000000001,0.5653193306922912,0.8151,13.563822507858276,2.141357183456421
10.0,0.45621355496406557,0.8432200000000001,0.5365668859481811,0.8196,13.634008407592773,2.164329767227173
11.0,0.4357416203117371,0.84882,0.6224255352497101,0.7952,13.590473175048828,2.1489949226379395
12.0,0.41332136274337766,0.8576600000000001,0.5669208094120025,0.8179000000000001,13.65245771408081,2.161832094192505
13.0,0.39604117364883423,0.8626800000000001,0.4979769815444946,0.8337,13.782267332077026,2.129108190536499
14.0,0.3790904410648346,0.8689600000000001,0.4614290822982788,0.8436,13.701701402664185,2.159006118774414
15.0,0.3697441316509247,0.8719600000000001,0.4777420086860657,0.8454,13.56493878364563,2.111524820327759
16.0,0.356152438993454,0.8772200000000001,0.45555159368515014,0.8456,13.73314619064331,2.134676933288574
17.0,0.3478480373954773,0.87924,0.47508214054107667,0.8420000000000001,13.553339004516602,2.073803663253784
18.0,0.33397979803085326,0.8837400000000001,0.458023614692688,0.8473,13.335205078125,2.1072497367858887
19.0,0.3279672697353363,0.8869400000000001,0.44664091420173646,0.8509,13.34229826927185,2.1093428134918213
20.0,0.30852431277275083,0.8928600000000001,0.47409820551872256,0.8508,13.417702198028564,2.0619821548461914
21.0,0.31299053324222564,0.8918800000000001,0.46353137650489806,0.8475,13.386881589889526,2.0350019931793213
22.0,0.29888447810173036,0.89636,0.5192287744998932,0.8369000000000001,13.34973669052124,2.0848500728607178
23.0,0.2950380542564392,0.8989,0.47086602478027345,0.8454,13.417417287826538,2.081721067428589
24.0,0.2878986504173279,0.90214,0.5481276745796204,0.8334,13.36206579208374,2.07417893409729
25.0,0.2787290282821655,0.9031000000000001,0.5151106551170349,0.8466,13.429129600524902,2.1232244968414307
26.0,0.27682558614730834,0.9037000000000001,0.40779252128601073,0.8649,13.2776939868927,2.065509080886841
27.0,0.26892338216781614,0.90756,0.4604283884048462,0.8518,13.471538782119751,2.114250421524048
28.0,0.2601940924835205,0.9093000000000001,0.4675347621917725,0.8540000000000001,13.483579397201538,2.1025357246398926
29.0,0.2607390236091614,0.9085000000000001,0.4512794008731842,0.8586,13.358161687850952,2.073282241821289
30.0,0.25271350187778474,0.9122800000000001,0.442232758808136,0.8583000000000001,13.294788360595703,2.0154457092285156
31.0,0.2508234424686432,0.9119200000000001,0.44078537817001345,0.8649,13.332087516784668,2.02555513381958
32.0,0.2546049346256256,0.91212,0.43637869048118594,0.8609,13.378174066543579,2.1005914211273193
33.0,0.2454390050983429,0.91402,0.4999363097190857,0.8428,13.507110118865967,2.0332188606262207
34.0,0.23626076342582703,0.9173600000000001,0.4008121479034424,0.874,13.260467290878296,2.024378538131714
35.0,0.2378109561252594,0.9168000000000001,0.5516112291336059,0.8325,13.194976091384888,2.0391287803649902
36.0,0.23651980139732362,0.9169600000000001,0.4679503750324249,0.8575,13.361903190612793,2.0722439289093018
37.0,0.23433016635894777,0.9175800000000001,0.41974479904174805,0.8688,13.3495934009552,2.0921273231506348
38.0,0.23214131623744966,0.9189600000000001,0.44565032243728636,0.8699,13.384296655654907,2.0462052822113037
39.0,0.22826513860702516,0.9202400000000001,0.8103199586391449,0.7752,13.466757535934448,2.0282692909240723
40.0,0.2225017356967926,0.9231800000000001,0.46102406406402585,0.8518,13.358262777328491,2.0943031311035156
41.0,0.22210793028831483,0.92176,0.46871487979888915,0.8604,13.34248971939087,2.105285167694092
42.0,0.2167734492301941,0.9236000000000001,0.5806624414443969,0.8296,13.266677141189575,2.0691380500793457
43.0,0.21693569314479827,0.92434,0.423955869102478,0.8696,13.296215295791626,2.0707929134368896
44.0,0.21031773752212524,0.9256000000000001,0.39824693403244016,0.8756,13.362195491790771,2.098829746246338
45.0,0.218386476354599,0.92266,0.4977137021064758,0.8592000000000001,13.399183511734009,2.1505885124206543
46.0,0.20718996834278106,0.9281,0.417023375415802,0.8708,13.454248666763306,2.114579439163208
47.0,0.2091441509246826,0.926,0.3564246783733368,0.8842000000000001,13.272800922393799,2.0737545490264893
48.0,0.2082310805416107,0.9277200000000001,0.5513009378433228,0.8378,13.313823699951172,2.096177577972412
49.0,0.20377883728027343,0.9287000000000001,0.43304860773086545,0.866,13.333958148956299,2.104114294052124
50.0,0.2016676324748993,0.9283800000000001,0.365030287361145,0.8813000000000001,13.304877281188965,2.06447696685791
51.0,0.20866253286361694,0.92634,0.38169930992126466,0.8819,13.285597562789917,2.1142475605010986
52.0,0.19387293352127075,0.9319400000000001,0.6319966541290283,0.8356,13.350585460662842,2.0740771293640137
53.0,0.19985448189258576,0.9295800000000001,0.44627980265617373,0.8672000000000001,13.529682636260986,2.116509437561035
54.0,0.19400047144889832,0.9331200000000001,0.39572418384552,0.8792000000000001,13.372604370117188,2.0433716773986816
55.0,0.19401984590530397,0.932,0.4792081844329834,0.8628,13.627532243728638,2.0724871158599854
56.0,0.19130883527755738,0.93332,0.6503805788993835,0.8345,13.560560941696167,2.050863265991211
57.0,0.1970435184288025,0.9310200000000001,0.46420824933052063,0.8572000000000001,13.34325909614563,2.0242388248443604
58.0,0.19267574686527253,0.9338400000000001,0.36915064239501955,0.8856,13.275786876678467,2.1150083541870117
59.0,0.18951144374847412,0.9335000000000001,0.5249141980171204,0.8538,13.425557851791382,2.0827839374542236
60.0,0.19829112277030944,0.931,0.4615009479999542,0.8585,13.375033140182495,2.0433216094970703
61.0,0.1890912971687317,0.9325800000000001,0.4975667851448059,0.8566,13.26684856414795,2.1122517585754395
62.0,0.18761588314056396,0.9340200000000001,0.46658794898986816,0.8599,13.409721612930298,2.118797540664673
63.0,0.18612741984844208,0.9349400000000001,0.5098437868118286,0.8532000000000001,13.416331768035889,2.129197359085083
64.0,0.18582518533229828,0.9342400000000001,0.4186141345500946,0.8739,13.277435064315796,2.102205514907837
65.0,0.17765990892410277,0.93744,0.4721029558181763,0.8698,13.300323009490967,2.0386159420013428
66.0,0.18974879417419432,0.9333400000000001,0.3731741918563843,0.8852000000000001,13.4757661819458,2.0864531993865967
67.0,0.18427025094985963,0.9358200000000001,0.4160454038143158,0.8723000000000001,13.41717004776001,2.052441120147705
68.0,0.1823926433467865,0.935,0.5663808261871338,0.8488,13.474947690963745,2.0808961391448975
69.0,0.18037127708673478,0.93766,0.3974059606552124,0.8816,13.431572198867798,2.0693788528442383
70.0,0.17448528382301332,0.9387800000000001,0.5475369241714477,0.8479,13.411072969436646,2.099425792694092
71.0,0.17626478073120116,0.9369000000000001,0.4456468824386597,0.8706,13.438917636871338,2.058861017227173
72.0,0.17991027940750123,0.9365000000000001,0.4706056210517883,0.8627,13.509710311889648,2.0631096363067627
73.0,0.17704315079689026,0.9377800000000001,0.372770285153389,0.8888,13.411407709121704,2.023267984390259
74.0,0.1808809647846222,0.9369600000000001,0.4498311583518982,0.8684000000000001,13.434334516525269,2.0644757747650146
75.0,0.17328947221279145,0.9392,0.45882341442108154,0.8726,13.204146146774292,2.0494675636291504
76.0,0.1703425888633728,0.9402600000000001,0.5059245827674865,0.8557,13.378435850143433,2.096607208251953
77.0,0.17956252683639526,0.9372,0.43818787508010865,0.8671000000000001,13.278502464294434,2.044626474380493
78.0,0.17340848321437835,0.9378000000000001,0.40355504341125487,0.8815000000000001,13.312512874603271,2.0723016262054443
79.0,0.17768817763090133,0.9375600000000001,0.3913470489501953,0.8823000000000001,13.361085653305054,2.1143314838409424
80.0,0.16858818610191345,0.94188,0.40172382678985596,0.8822000000000001,13.363075971603394,2.100667715072632
81.0,0.17435582065105437,0.93966,0.41317740001678466,0.8754000000000001,13.387468099594116,2.0896105766296387
82.0,0.16902376790046691,0.9402400000000001,0.460568780875206,0.8637,13.418548345565796,2.0687270164489746
83.0,0.17393401169776918,0.9393800000000001,0.4250595275402069,0.8771,13.332268714904785,2.078376054763794
84.0,0.1747195166039467,0.9380000000000001,0.42012781100273133,0.8797,13.266247034072876,2.105178117752075
85.0,0.17221816116333008,0.94042,0.3974046309947967,0.8845000000000001,13.442378282546997,2.0787980556488037
86.0,0.1680298400592804,0.9412400000000001,0.4333626968383789,0.8742000000000001,13.319225549697876,2.0603561401367188
87.0,0.16754735083580016,0.9411400000000001,0.5608002129554749,0.8505,13.109921932220459,2.044562578201294
88.0,0.16508081737041475,0.9421400000000001,0.4805094923019409,0.8689,13.526103019714355,2.108970880508423
89.0,0.16995443596839904,0.9404600000000001,0.4454534052371979,0.8669,13.47329068183899,2.1020610332489014
90.0,0.17057864155769348,0.9403600000000001,0.3829036360740662,0.8852000000000001,13.293940305709839,2.0609357357025146
91.0,0.16393826785087584,0.94198,0.36934956855773926,0.8925000000000001,13.320839881896973,2.109380006790161
92.0,0.16574837111473084,0.9420400000000001,0.4369756503105164,0.8733000000000001,13.292330026626587,2.1145403385162354
93.0,0.1636227288866043,0.94388,0.45435945844650266,0.8714000000000001,13.325206518173218,2.146634578704834
94.0,0.16553891174077986,0.9417200000000001,0.3936021984100342,0.8817,13.270883321762085,2.0509941577911377
95.0,0.16931594589233398,0.9414000000000001,0.4600866208553314,0.8701000000000001,13.342592239379883,2.044070243835449
96.0,0.16877406215667726,0.9414000000000001,0.4995866567611694,0.8611000000000001,13.372289180755615,2.068730115890503
97.0,0.16553717889785766,0.9411200000000001,0.4011841856956482,0.8779,13.350045442581177,2.1068637371063232
98.0,0.1614926412677765,0.94374,0.4112965117454529,0.8743000000000001,13.372864246368408,2.080245018005371
99.0,0.1623048963689804,0.94386,0.40416737089157106,0.882,13.500619173049927,2.067187547683716
100.0,0.0788139924108982,0.9740800000000001,0.2545581362724304,0.922,13.404285430908203,2.1578242778778076
101.0,0.05591784175753593,0.9821200000000001,0.2517493863582611,0.9255,13.460761070251465,2.135300397872925
102.0,0.046474441599845887,0.9860800000000001,0.2568958828926086,0.9254,13.385364294052124,2.0532565116882324
103.0,0.041393741837739945,0.98706,0.2649357238292694,0.9265,13.243740558624268,2.06898832321167
104.0,0.037138635704517364,0.9885,0.2625394462108612,0.9269000000000001,13.334923028945923,2.097337007522583
105.0,0.0331307031083107,0.9896600000000001,0.2683955916404724,0.9261,13.355250597000122,2.063451051712036
106.0,0.031066760416030882,0.9904200000000001,0.2715870956420898,0.9285,13.242563962936401,2.0714457035064697
107.0,0.028803942826986312,0.99104,0.2721536974906921,0.9274,13.391256332397461,2.128453016281128
108.0,0.026785056692957877,0.99148,0.27678356013298033,0.9284,13.34016752243042,2.059326648712158
109.0,0.024901439611762763,0.9927600000000001,0.2803921499252319,0.9257000000000001,13.343246459960938,2.119439125061035
110.0,0.024390383651554586,0.9924400000000001,0.28303966760635374,0.9273,13.387542009353638,2.090543508529663
111.0,0.021160467342585327,0.9936,0.2850860363483429,0.9276000000000001,13.342997550964355,2.107160806655884
112.0,0.020155495093762875,0.9939200000000001,0.2941756898403168,0.9265,13.340807914733887,2.0960397720336914
113.0,0.02046980425179005,0.9938400000000001,0.29874223442077635,0.9261,13.36784839630127,2.116175889968872
114.0,0.01906592867523432,0.9945200000000001,0.29880519886016843,0.9285,13.262901306152344,2.0513811111450195
115.0,0.0172310416918993,0.9953200000000001,0.30020769362449645,0.9258000000000001,13.35094165802002,2.138408660888672
116.0,0.01725786398932338,0.9946200000000001,0.30213656587600707,0.928,13.25410532951355,2.0254762172698975
117.0,0.01572583342537284,0.9953400000000001,0.3064893572807312,0.9274,13.313926458358765,2.0467655658721924
118.0,0.01496428599447012,0.9960600000000001,0.30530282330513,0.9279000000000001,13.411946535110474,2.0881714820861816
119.0,0.013204517273306847,0.99638,0.3102358462333679,0.9266000000000001,13.372409105300903,1.9921562671661377
120.0,0.014154393506348133,0.99594,0.3051129860877991,0.9275,13.210862398147583,2.06793212890625
121.0,0.01354393350839615,0.9958000000000001,0.3121073649406433,0.9277000000000001,13.22251009941101,2.0577728748321533
122.0,0.013371830452680587,0.9963600000000001,0.31151594796180726,0.9284,13.234961986541748,2.1389243602752686
123.0,0.012476698017567397,0.99626,0.31883689851760866,0.9271,13.298602819442749,2.069995403289795
124.0,0.012652238389849663,0.9966200000000001,0.3246400954246521,0.927,13.295293807983398,2.089266777038574
125.0,0.011103485676944256,0.9969600000000001,0.32597083306312563,0.9273,13.419912338256836,2.118868589401245
126.0,0.010245198360085488,0.9974000000000001,0.32597562499046323,0.9278000000000001,13.331799745559692,2.0663468837738037
127.0,0.011474132806956769,0.9967400000000001,0.32583268909454344,0.9269000000000001,13.259140491485596,2.0641891956329346
128.0,0.010143043277859688,0.9975800000000001,0.3274704755306244,0.9277000000000001,13.373648643493652,2.0644381046295166
129.0,0.010123159943073988,0.9971200000000001,0.33052101526260375,0.9255,13.349908590316772,2.0560920238494873
130.0,0.009865905607193708,0.9974600000000001,0.3311190017700195,0.9266000000000001,13.206525087356567,2.064730644226074
131.0,0.010027622757405043,0.9974600000000001,0.32949101128578184,0.928,13.284191370010376,2.047802209854126
132.0,0.01022127395953983,0.9972200000000001,0.33676329746246336,0.927,13.420750141143799,2.1578030586242676
133.0,0.009748558673113585,0.99714,0.34190199832916257,0.9251,13.595748901367188,2.0716116428375244
134.0,0.00877978367574513,0.9978600000000001,0.33449779763221743,0.9273,13.292022705078125,2.084744930267334
135.0,0.009126813348531724,0.9973400000000001,0.3422098586082459,0.9271,13.32742166519165,2.0688819885253906
136.0,0.009359440663121641,0.9971800000000001,0.3389693500518799,0.93,13.350181102752686,2.0579774379730225
137.0,0.0080194726164639,0.9980800000000001,0.34342501649856566,0.9279000000000001,13.324769973754883,2.1133809089660645
138.0,0.007971176184117794,0.9979000000000001,0.34225631194114686,0.9265,13.45010781288147,2.174389362335205
139.0,0.007976327246278524,0.9981000000000001,0.3512540765762329,0.9266000000000001,13.451332330703735,2.099280834197998
140.0,0.008718999732732774,0.9975600000000001,0.3500069785118103,0.9271,13.445215225219727,2.0772311687469482
141.0,0.0087866654458642,0.9978400000000001,0.3519286163330078,0.9284,13.277225494384766,2.097792148590088
142.0,0.007788463584631681,0.9978600000000001,0.3528700044631958,0.9277000000000001,13.264346599578857,2.0461413860321045
143.0,0.007517866112217307,0.9982000000000001,0.3485444034576416,0.9281,13.29458236694336,2.066772937774658
144.0,0.006998111962378025,0.9981200000000001,0.34748816480636596,0.9262,13.376574993133545,2.0631585121154785
145.0,0.0073873456734418865,0.9980600000000001,0.3528831224441528,0.9274,13.294482231140137,2.0976452827453613
146.0,0.006912193624377251,0.9984200000000001,0.35204977254867553,0.9281,13.42930555343628,2.0848305225372314
147.0,0.005965989460051059,0.9986,0.3519886590003967,0.9282,13.415578126907349,2.082183361053467
148.0,0.006569519159048796,0.9984400000000001,0.35910545930862425,0.9283,13.45405626296997,2.042318344116211
149.0,0.0063152149900794026,0.9983400000000001,0.3546667815685272,0.9275,13.26185941696167,2.0823755264282227
150.0,0.005899343608692288,0.99872,0.34792556557655335,0.9298000000000001,13.293938398361206,2.023401975631714
151.0,0.005096698654964566,0.9989600000000001,0.348470675611496,0.9296000000000001,13.302177906036377,2.0454347133636475
152.0,0.005574762067049742,0.9986600000000001,0.34793527812957764,0.9308000000000001,13.431064367294312,2.048372983932495
153.0,0.005169409594647586,0.9989000000000001,0.34692169518470767,0.93,13.366114616394043,2.050139904022217
154.0,0.004624404801726341,0.9990600000000001,0.3477345410823822,0.9303,13.34354543685913,2.0972976684570312
155.0,0.004720276077911258,0.9988000000000001,0.35218979396820066,0.9285,13.357211828231812,2.064425230026245
156.0,0.004847125989831984,0.9990200000000001,0.348771151304245,0.9297000000000001,13.31337571144104,1.9977965354919434
157.0,0.00458797760643065,0.9990000000000001,0.34565425515174864,0.9295,13.30724310874939,2.071885347366333
158.0,0.0045837888187542555,0.99894,0.3466665406227112,0.9303,13.25827956199646,2.0005404949188232
159.0,0.004192942108437419,0.9991200000000001,0.3462935887336731,0.93,13.282989740371704,2.0772836208343506
160.0,0.004333662663921714,0.9993000000000001,0.34772194628715514,0.9294,13.204559564590454,2.05642032623291
161.0,0.003988051633685827,0.9993400000000001,0.3476823263168335,0.9301,13.184921979904175,2.133521556854248
162.0,0.004500259270146489,0.9989000000000001,0.3413175943374634,0.9308000000000001,13.412881851196289,2.1332104206085205
163.0,0.004147954638600349,0.9991200000000001,0.3442920018196106,0.931,13.49351191520691,2.038809299468994
164.0,0.0046324449034594,0.9990600000000001,0.3451687836647034,0.9316000000000001,13.468091249465942,2.140779495239258
165.0,0.004490337826758623,0.99914,0.3450819995880127,0.9306000000000001,13.416183710098267,2.0076842308044434
166.0,0.004275763198882341,0.99914,0.34613814687728883,0.9304,13.400133848190308,2.060584783554077
167.0,0.0039475891568884255,0.99916,0.3449899444580078,0.9298000000000001,13.358314275741577,2.063026189804077
168.0,0.003997630763687194,0.9991200000000001,0.34660276184082034,0.9306000000000001,13.378276824951172,2.10412335395813
169.0,0.004400706975534558,0.9991000000000001,0.3448583783149719,0.9307000000000001,13.325417280197144,2.041954517364502
170.0,0.003933895097263157,0.99926,0.34713996014595033,0.9286000000000001,13.252554655075073,2.1302762031555176
171.0,0.003949037814252079,0.9992400000000001,0.3457587571144104,0.9303,13.378753423690796,2.0746655464172363
172.0,0.004103936391845345,0.99914,0.3457424192905426,0.9298000000000001,13.402799129486084,2.087104558944702
173.0,0.004282844449281693,0.9990200000000001,0.34872716393470765,0.9307000000000001,13.450248718261719,2.1100475788116455
174.0,0.0041095959259569645,0.9991200000000001,0.34737605209350586,0.9293,13.348037481307983,2.091165542602539
175.0,0.00397700538188219,0.9993200000000001,0.3455224639415741,0.9303,13.26340365409851,2.1090457439422607
176.0,0.003829835442304611,0.9993400000000001,0.34644512147903445,0.9298000000000001,13.305046796798706,2.082413911819458
177.0,0.003917692268490792,0.9991000000000001,0.3468269721508026,0.9294,13.17041277885437,2.064100742340088
178.0,0.0038326961005851626,0.99914,0.3486381540775299,0.9286000000000001,13.418633937835693,2.037536144256592
179.0,0.00420231847178191,0.99916,0.35059646010398865,0.9292,13.336074113845825,2.069559097290039
180.0,0.0043384307409822945,0.9991000000000001,0.348585053730011,0.9298000000000001,13.43047833442688,2.035698652267456
181.0,0.0037942234040796757,0.9992400000000001,0.3467140190601349,0.9304,13.300626277923584,2.1194958686828613
182.0,0.004055831222571433,0.9992400000000001,0.3469765429496765,0.9309000000000001,13.277705669403076,2.113626003265381
183.0,0.003776830488704145,0.9993000000000001,0.3495865375518799,0.9306000000000001,13.34248948097229,2.0777547359466553
184.0,0.003723651728257537,0.9993200000000001,0.3460388443470001,0.9306000000000001,13.18126916885376,2.0526790618896484
185.0,0.003983103196695447,0.99926,0.34735023403167725,0.9304,13.29053258895874,2.024259328842163
186.0,0.0037295816276222468,0.9993400000000001,0.3501666633605957,0.9299000000000001,13.250473260879517,2.0820584297180176
187.0,0.0032901965890079735,0.9995200000000001,0.3444843143463135,0.9304,13.365140438079834,2.0888705253601074
188.0,0.0038109133060276507,0.9993200000000001,0.34624527840614316,0.9308000000000001,13.298072814941406,2.0557851791381836
189.0,0.003449026114046574,0.9993000000000001,0.3467690860748291,0.9298000000000001,13.298140287399292,2.1072194576263428
190.0,0.0037294486572593453,0.9992800000000001,0.34786829543113706,0.9299000000000001,13.405237674713135,2.0692641735076904
191.0,0.0034859531320631503,0.9994200000000001,0.3497616904258728,0.9306000000000001,13.391074895858765,2.0516176223754883
192.0,0.0033774241657182572,0.9995,0.34833054599761964,0.9303,13.327402830123901,2.0896754264831543
193.0,0.003303064367324114,0.9995600000000001,0.34982253584861756,0.93,13.370363235473633,2.0661022663116455
194.0,0.003344480442032218,0.9994400000000001,0.3487975516319275,0.9302,13.35979962348938,2.1030960083007812
195.0,0.00377653690665029,0.9992800000000001,0.34709527750015257,0.9302,13.362236499786377,2.047257900238037
196.0,0.003801765921190381,0.9993600000000001,0.3493107404708862,0.9304,13.296828508377075,2.151110887527466
197.0,0.003670559428818524,0.9994400000000001,0.34893798089027406,0.9304,13.307294607162476,2.0144708156585693
198.0,0.003709734976515174,0.9993200000000001,0.34926902055740355,0.931,13.190214157104492,2.1132354736328125
199.0,0.003472665669992566,0.99938,0.34732384119033816,0.9301,13.302281618118286,2.063657283782959
200.0,0.003817673756480217,0.9992800000000001,0.3509452805519104,0.9284,13.2232825756073,2.016610860824585
201.0,0.003560052808634937,0.9993400000000001,0.3505149439334869,0.9303,13.224639177322388,2.016637086868286
202.0,0.003242731395661831,0.9996,0.34903447132110593,0.9304,13.127937078475952,2.0836033821105957
203.0,0.0034412790387123825,0.9993000000000001,0.3487016960144043,0.93,13.090812683105469,2.036594867706299
204.0,0.0036316854881867765,0.9995,0.3491867224216461,0.9294,13.221343994140625,2.0302860736846924
205.0,0.0035605370550602674,0.9994400000000001,0.34679698576927187,0.931,13.338197469711304,2.0870540142059326
206.0,0.0032256906869262457,0.9994400000000001,0.34707582507133483,0.9294,13.135628700256348,2.0201680660247803
207.0,0.0033312829372286797,0.99938,0.3510354591369629,0.9305,13.316427230834961,2.108351230621338
208.0,0.003253654668740928,0.9995400000000001,0.3484224893569946,0.9303,13.177545070648193,2.0585219860076904
209.0,0.003130641498863697,0.9996400000000001,0.34701536951065065,0.9304,13.188294410705566,1.9682793617248535
210.0,0.003533598037883639,0.9994200000000001,0.34880246949195864,0.9302,13.08871603012085,1.998307466506958
211.0,0.0034718931679986417,0.9993600000000001,0.347192173910141,0.9305,13.056628704071045,2.0849967002868652
212.0,0.003297604571208358,0.9995,0.34922070488929746,0.9306000000000001,13.196839809417725,2.0553789138793945
213.0,0.003767845374196768,0.9992400000000001,0.3464824601173401,0.9296000000000001,13.089218139648438,1.9961152076721191
214.0,0.004073423538506031,0.99914,0.3505248206138611,0.9301,13.06133222579956,2.0612406730651855
215.0,0.003370978357642889,0.99938,0.34810714039802554,0.9302,13.153193712234497,2.074406862258911
216.0,0.0032091776712238787,0.9995600000000001,0.35028060860633853,0.9306000000000001,13.019400596618652,2.0104243755340576
217.0,0.0032929637429863217,0.99938,0.35049045782089233,0.9312,13.116547107696533,1.9853196144104004
218.0,0.003515761370770633,0.9993400000000001,0.34859563312530517,0.9306000000000001,13.036703109741211,2.043363332748413
219.0,0.0035256298364698888,0.9993200000000001,0.3482400216579437,0.93,13.04941177368164,2.0372157096862793
220.0,0.003445726256147027,0.99948,0.3499234360218048,0.9299000000000001,13.034743547439575,1.9812798500061035
221.0,0.0033959719802066682,0.9993000000000001,0.3468540937423706,0.9305,13.084372997283936,2.045574188232422
222.0,0.0034086118540167807,0.9995,0.34868153557777404,0.9302,13.07910704612732,2.042006015777588
223.0,0.0035932666083797814,0.9993400000000001,0.3491900166034698,0.9299000000000001,13.013846158981323,2.038339614868164
224.0,0.003935141981393099,0.9992400000000001,0.3479764729499817,0.9305,13.14577841758728,2.0452206134796143
225.0,0.003445336607247591,0.9994200000000001,0.34933099417686464,0.9304,13.073235034942627,2.021591901779175
226.0,0.0035414162687957287,0.99938,0.3505736782073975,0.9304,13.118773221969604,2.0142104625701904
227.0,0.0032707713023014365,0.99948,0.3473546166419983,0.9305,13.18496823310852,2.009209394454956
228.0,0.003955374688804149,0.99916,0.34716561393737794,0.9302,13.047907829284668,2.00469708442688
229.0,0.003358733407482505,0.9994000000000001,0.3471690158367157,0.9301,13.093147993087769,2.048842668533325
230.0,0.0033928379315137864,0.9995400000000001,0.34860600237846373,0.9294,13.055665493011475,2.0282835960388184
231.0,0.0033847153218090533,0.9992800000000001,0.3477857530593872,0.9299000000000001,13.202570676803589,2.0504767894744873
232.0,0.0033734554278850555,0.9995,0.3474124580383301,0.9303,13.124339818954468,2.047678232192993
233.0,0.0035573667315021156,0.9993200000000001,0.34702572937011716,0.9307000000000001,13.002746820449829,2.041712522506714
234.0,0.003841481513231993,0.9992000000000001,0.35127184042930604,0.9293,13.042559385299683,2.0260636806488037
235.0,0.0035934856498986483,0.9992400000000001,0.3496748769283295,0.9312,13.146729707717896,2.010173797607422
236.0,0.003825689515657723,0.99916,0.34647160606384275,0.93,13.05942702293396,2.025540828704834
237.0,0.0033749035850167276,0.9994600000000001,0.3483583613872528,0.9299000000000001,13.140139818191528,2.0856544971466064
238.0,0.0033542708982527256,0.9993600000000001,0.34856636657714846,0.9305,13.042226314544678,2.0323710441589355
239.0,0.003491515309214592,0.9993400000000001,0.3483269660949707,0.9308000000000001,13.05224323272705,2.004070281982422
240.0,0.0032540868321061134,0.9995,0.3456383235931397,0.9297000000000001,13.051818132400513,2.0001070499420166
241.0,0.0032362346604466437,0.9996200000000001,0.34869882159233095,0.9296000000000001,13.03558897972107,2.0168774127960205
242.0,0.0034839121048897506,0.9995200000000001,0.34706576805114747,0.9301,13.073019027709961,2.0060884952545166
243.0,0.0033293130092136563,0.9995200000000001,0.3483588494300842,0.9308000000000001,13.21544599533081,1.9741005897521973
244.0,0.0034778575221449137,0.9993200000000001,0.35076356287002564,0.931,12.990922689437866,2.080359935760498
245.0,0.0036152755860984326,0.9993000000000001,0.35099032039642336,0.9299000000000001,13.04032301902771,1.9943263530731201
246.0,0.003017259550988674,0.9995200000000001,0.3498445353031158,0.9302,13.049941301345825,2.034860372543335
247.0,0.003139153150767088,0.9996,0.35053894991874696,0.9314,12.964704990386963,2.078158140182495
248.0,0.003403616869598627,0.9995,0.34965633912086486,0.9304,13.135237216949463,1.985541820526123
249.0,0.003581335336305201,0.9992200000000001,0.35177174096107483,0.9309000000000001,13.079999923706055,2.0075533390045166
250.0,0.00314342853166163,0.99948,0.3483249840259552,0.9313,13.171311140060425,1.992452621459961
251.0,0.003394237613007426,0.9994200000000001,0.34913792362213136,0.9308000000000001,13.117985486984253,2.0465707778930664
252.0,0.0031266184187680483,0.9995400000000001,0.3456154608249664,0.9303,13.000414371490479,2.083890199661255
253.0,0.0035008244357258083,0.9994600000000001,0.3498401216506958,0.9307000000000001,13.059229373931885,1.9755115509033203
254.0,0.0036242433606088163,0.9993000000000001,0.3486018825531006,0.9313,13.122100591659546,1.9856913089752197
255.0,0.003250105046518147,0.9995200000000001,0.3469496623516083,0.9306000000000001,13.154077529907227,2.0288209915161133
256.0,0.003166881532203406,0.9996,0.3497228308200836,0.93,13.138185501098633,2.037055253982544
257.0,0.003283920015785843,0.9995800000000001,0.34731052627563475,0.9309000000000001,12.996471405029297,2.017528533935547
258.0,0.003299289151802659,0.9995400000000001,0.3526155953884125,0.931,13.142580032348633,2.027167797088623
259.0,0.003182382607832551,0.9995,0.3480491744995117,0.9303,13.277243852615356,2.042731285095215
260.0,0.00352001324493438,0.9994400000000001,0.34755238699913027,0.9303,13.020694494247437,2.0288333892822266
261.0,0.0032839554595202208,0.9994600000000001,0.3478722644329071,0.9314,13.10473895072937,2.03481125831604
262.0,0.0033878834036365152,0.99938,0.3460376721858978,0.9303,13.13965654373169,2.0531179904937744
263.0,0.003138009872585535,0.9995600000000001,0.3524666561126709,0.9308000000000001,13.165321111679077,2.095684289932251
264.0,0.0031406657531112435,0.9994200000000001,0.350262113904953,0.9308000000000001,13.189740180969238,2.062645435333252
265.0,0.0032486533949524165,0.9994200000000001,0.349588018321991,0.9296000000000001,13.296574831008911,1.9969923496246338
